Name,Subject,Grade,Semester,Date
Maslov,Math,5.0,1,2025-12-05
Maslov,Math,5.0,1,2025-12-19
Maslov,Math,5.0,1,2025-09-24
Maslov,Math,3.0,1,2025-09-09
Maslov,Math,3.0,1,2025-10-08
Maslov,Math,4.0,1,2025-11-25
Maslov,Math,4.0,1,2025-10-01
Maslov,Math,3.0,1,2025-11-27
Maslov,Math,4.0,1,2025-09-06
Maslov,Math,3.0,1,2025-10-21
Maslov,Math,3.0,2,2026-02-23
Maslov,Math,5.0,2,2026-03-29
Maslov,Math,5.0,2,2026-04-26
Maslov,Math,3.0,2,2026-05-24
Maslov,Math,4.0,2,2026-03-26
Maslov,Math,5.0,2,2026-05-03
Maslov,Math,4.0,2,2026-04-08
Maslov,Math,4.0,2,2026-05-05
Maslov,Math,3.0,2,2026-03-30
Maslov,Math,3.0,2,2026-05-03
Maslov,Python,5.0,1,2025-11-08
Maslov,Python,3.0,1,2025-10-23
Maslov,Python,4.0,1,2025-11-23
Maslov,Python,4.0,1,2025-12-03
Maslov,Python,4.0,1,2025-11-23
Maslov,Python,5.0,1,2025-12-30
Maslov,Python,5.0,1,2026-01-14
Maslov,Python,3.0,1,2025-09-03
Maslov,Python,5.0,1,2026-01-16
Maslov,Python,5.0,1,2025-09-20
Maslov,Python,3.0,2,2026-03-11
Maslov,Python,5.0,2,2026-03-22
Maslov,Python,5.0,2,2026-05-15
Maslov,Python,3.0,2,2026-03-31
Maslov,Python,3.0,2,2026-05-11
Maslov,Python,5.0,2,2026-03-06
Maslov,Python,3.0,2,2026-03-02
Maslov,Python,3.0,2,2026-05-09
Maslov,Python,5.0,2,2026-04-25
Maslov,Python,5.0,2,2026-03-16
Maslov,Java,3.0,1,2025-10-07
Maslov,Java,3.0,1,2025-12-23
Maslov,Java,4.0,1,2026-01-14
Maslov,Java,5.0,1,2025-09-09
Maslov,Java,3.0,1,2025-09-18
Maslov,Java,4.0,1,2025-11-07
Maslov,Java,5.0,1,2025-09-30
Maslov,Java,4.0,1,2025-12-30
Maslov,Java,3.0,1,2026-01-11
Maslov,Java,5.0,1,2025-09-07
Maslov,Java,4.0,2,2026-03-11
Maslov,Java,5.0,2,2026-04-14
Maslov,Java,5.0,2,2026-03-12
Maslov,Java,4.0,2,2026-02-28
Maslov,Java,4.0,2,2026-04-22
Maslov,Java,5.0,2,2026-03-02
Maslov,Java,3.0,2,2026-02-18
Maslov,Java,5.0,2,2026-04-13
Maslov,Java,5.0,2,2026-03-04
Maslov,Java,4.0,2,2026-03-28
Maslov,Database,4.0,1,2025-11-12
Maslov,Database,3.0,1,2026-01-24
Maslov,Database,3.0,1,2025-11-20
Maslov,Database,5.0,1,2025-09-28
Maslov,Database,3.0,1,2026-01-16
Maslov,Database,3.0,1,2025-10-21
Maslov,Database,3.0,1,2026-01-01
Maslov,Database,5.0,1,2025-11-21
Maslov,Database,5.0,1,2025-09-15
Maslov,Database,3.0,1,2025-12-23
Maslov,Database,3.0,2,2026-02-19
Maslov,Database,3.0,2,2026-04-28
Maslov,Database,4.0,2,2026-02-22
Maslov,Database,3.0,2,2026-04-25
Maslov,Database,3.0,2,2026-04-01
Maslov,Database,4.0,2,2026-04-30
Maslov,Database,3.0,2,2026-04-11
Maslov,Database,4.0,2,2026-04-02
Maslov,Database,5.0,2,2026-04-28
Maslov,Database,3.0,2,2026-03-14
Maslov,Evm,4.0,1,2025-11-07
Maslov,Evm,3.0,1,2025-10-11
Maslov,Evm,4.0,1,2026-01-11
Maslov,Evm,3.0,1,2025-10-08
Maslov,Evm,4.0,1,2025-12-16
Maslov,Evm,5.0,1,2026-01-09
Maslov,Evm,4.0,1,2025-11-21
Maslov,Evm,3.0,1,2025-10-01
Maslov,Evm,4.0,1,2025-11-13
Maslov,Evm,5.0,1,2025-10-17
Maslov,Evm,3.0,2,2026-03-31
Maslov,Evm,5.0,2,2026-04-25
Maslov,Evm,5.0,2,2026-05-07
Maslov,Evm,3.0,2,2026-03-13
Maslov,Evm,4.0,2,2026-05-11
Maslov,Evm,5.0,2,2026-02-22
Maslov,Evm,3.0,2,2026-05-25
Maslov,Evm,4.0,2,2026-03-14
Maslov,Evm,3.0,2,2026-03-22
Maslov,Evm,3.0,2,2026-05-05
Maslov,English,4.0,1,2025-12-23
Maslov,English,4.0,1,2025-09-14
Maslov,English,3.0,1,2025-12-30
Maslov,English,5.0,1,2025-09-23
Maslov,English,5.0,1,2026-01-23
Maslov,English,5.0,1,2026-01-17
Maslov,English,5.0,1,2025-11-22
Maslov,English,3.0,1,2025-10-24
Maslov,English,4.0,1,2025-10-03
Maslov,English,3.0,1,2025-09-18
Maslov,English,3.0,2,2026-04-10
Maslov,English,5.0,2,2026-03-26
Maslov,English,5.0,2,2026-04-16
Maslov,English,5.0,2,2026-02-25
Maslov,English,5.0,2,2026-04-13
Maslov,English,4.0,2,2026-03-02
Maslov,English,4.0,2,2026-05-05
Maslov,English,5.0,2,2026-03-21
Maslov,English,5.0,2,2026-04-22
Maslov,English,4.0,2,2026-05-22
Maslov,Russian,3.0,1,2025-10-18
Maslov,Russian,4.0,1,2025-10-09
Maslov,Russian,5.0,1,2025-09-10
Maslov,Russian,4.0,1,2025-09-01
Maslov,Russian,4.0,1,2026-01-19
Maslov,Russian,4.0,1,2025-10-13
Maslov,Russian,5.0,1,2025-12-09
Maslov,Russian,5.0,1,2025-09-15
Maslov,Russian,3.0,1,2025-11-20
Maslov,Russian,4.0,1,2025-11-29
Maslov,Russian,3.0,2,2026-03-27
Maslov,Russian,4.0,2,2026-05-13
Maslov,Russian,5.0,2,2026-04-08
Maslov,Russian,4.0,2,2026-02-22
Maslov,Russian,4.0,2,2026-03-02
Maslov,Russian,5.0,2,2026-04-12
Maslov,Russian,5.0,2,2026-05-17
Maslov,Russian,5.0,2,2026-05-18
Maslov,Russian,3.0,2,2026-03-30
Maslov,Russian,5.0,2,2026-05-20
Maslov,Bjd,3.0,1,2025-10-25
Maslov,Bjd,5.0,1,2025-10-16
Maslov,Bjd,4.0,1,2025-11-14
Maslov,Bjd,4.0,1,2025-12-13
Maslov,Bjd,5.0,1,2026-01-18
Maslov,Bjd,3.0,1,2025-09-03
Maslov,Bjd,5.0,1,2025-11-10
Maslov,Bjd,3.0,1,2025-09-07
Maslov,Bjd,4.0,1,2025-10-10
Maslov,Bjd,3.0,1,2025-10-18
Maslov,Bjd,3.0,2,2026-03-17
Maslov,Bjd,3.0,2,2026-03-30
Maslov,Bjd,3.0,2,2026-04-14
Maslov,Bjd,3.0,2,2026-03-20
Maslov,Bjd,5.0,2,2026-04-06
Maslov,Bjd,5.0,2,2026-04-25
Maslov,Bjd,3.0,2,2026-05-18
Maslov,Bjd,5.0,2,2026-03-21
Maslov,Bjd,3.0,2,2026-04-08
Maslov,Bjd,4.0,2,2026-03-20
Artemenko,Math,3.0,1,2025-11-19
Artemenko,Math,5.0,1,2026-01-12
Artemenko,Math,4.0,1,2026-01-02
Artemenko,Math,5.0,1,2025-10-11
Artemenko,Math,3.0,1,2025-12-01
Artemenko,Math,5.0,1,2025-12-27
Artemenko,Math,3.0,1,2026-01-17
Artemenko,Math,5.0,1,2025-12-15
Artemenko,Math,3.0,1,2025-12-29
Artemenko,Math,5.0,1,2025-12-30
Artemenko,Math,5.0,2,2026-03-01
Artemenko,Math,5.0,2,2026-04-14
Artemenko,Math,3.0,2,2026-02-23
Artemenko,Math,5.0,2,2026-05-01
Artemenko,Math,4.0,2,2026-04-11
Artemenko,Math,4.0,2,2026-05-03
Artemenko,Math,4.0,2,2026-04-15
Artemenko,Math,3.0,2,2026-02-27
Artemenko,Math,4.0,2,2026-05-21
Artemenko,Math,5.0,2,2026-03-06
Artemenko,Python,4.0,1,2025-11-01
Artemenko,Python,4.0,1,2025-11-28
Artemenko,Python,3.0,1,2025-09-05
Artemenko,Python,5.0,1,2025-12-05
Artemenko,Python,4.0,1,2025-11-08
Artemenko,Python,3.0,1,2025-11-19
Artemenko,Python,3.0,1,2025-12-14
Artemenko,Python,3.0,1,2025-12-30
Artemenko,Python,3.0,1,2025-09-10
Artemenko,Python,4.0,1,2025-10-24
Artemenko,Python,4.0,2,2026-03-23
Artemenko,Python,5.0,2,2026-05-06
Artemenko,Python,4.0,2,2026-04-11
Artemenko,Python,3.0,2,2026-04-07
Artemenko,Python,4.0,2,2026-03-01
Artemenko,Python,4.0,2,2026-04-01
Artemenko,Python,3.0,2,2026-04-16
Artemenko,Python,5.0,2,2026-05-15
Artemenko,Python,4.0,2,2026-04-22
Artemenko,Python,5.0,2,2026-02-21
Artemenko,Java,5.0,1,2025-12-21
Artemenko,Java,3.0,1,2025-09-17
Artemenko,Java,4.0,1,2025-11-21
Artemenko,Java,3.0,1,2025-11-26
Artemenko,Java,4.0,1,2025-12-23
Artemenko,Java,5.0,1,2025-09-06
Artemenko,Java,3.0,1,2025-10-10
Artemenko,Java,3.0,1,2025-11-02
Artemenko,Java,3.0,1,2025-11-25
Artemenko,Java,3.0,1,2025-09-04
Artemenko,Java,4.0,2,2026-04-23
Artemenko,Java,4.0,2,2026-03-31
Artemenko,Java,4.0,2,2026-03-12
Artemenko,Java,3.0,2,2026-03-03
Artemenko,Java,4.0,2,2026-03-28
Artemenko,Java,3.0,2,2026-04-29
Artemenko,Java,3.0,2,2026-03-08
Artemenko,Java,5.0,2,2026-05-20
Artemenko,Java,4.0,2,2026-05-09
Artemenko,Java,3.0,2,2026-03-22
Artemenko,Database,3.0,1,2025-11-18
Artemenko,Database,5.0,1,2025-12-21
Artemenko,Database,3.0,1,2025-11-09
Artemenko,Database,4.0,1,2025-12-10
Artemenko,Database,3.0,1,2025-09-06
Artemenko,Database,3.0,1,2025-12-11
Artemenko,Database,3.0,1,2025-12-13
Artemenko,Database,5.0,1,2025-11-23
Artemenko,Database,5.0,1,2025-09-28
Artemenko,Database,3.0,1,2025-11-02
Artemenko,Database,5.0,2,2026-05-23
Artemenko,Database,5.0,2,2026-02-15
Artemenko,Database,4.0,2,2026-03-22
Artemenko,Database,3.0,2,2026-02-24
Artemenko,Database,5.0,2,2026-03-18
Artemenko,Database,5.0,2,2026-05-21
Artemenko,Database,5.0,2,2026-05-13
Artemenko,Database,3.0,2,2026-05-04
Artemenko,Database,5.0,2,2026-03-15
Artemenko,Database,4.0,2,2026-05-02
Artemenko,Evm,3.0,1,2025-10-22
Artemenko,Evm,5.0,1,2025-09-11
Artemenko,Evm,3.0,1,2025-11-04
Artemenko,Evm,3.0,1,2025-10-04
Artemenko,Evm,5.0,1,2025-10-12
Artemenko,Evm,3.0,1,2025-12-10
Artemenko,Evm,5.0,1,2025-11-25
Artemenko,Evm,4.0,1,2025-12-25
Artemenko,Evm,4.0,1,2025-10-26
Artemenko,Evm,4.0,1,2025-09-08
Artemenko,Evm,4.0,2,2026-03-17
Artemenko,Evm,5.0,2,2026-05-23
Artemenko,Evm,3.0,2,2026-05-09
Artemenko,Evm,3.0,2,2026-03-15
Artemenko,Evm,4.0,2,2026-05-09
Artemenko,Evm,4.0,2,2026-04-20
Artemenko,Evm,3.0,2,2026-04-09
Artemenko,Evm,4.0,2,2026-05-01
Artemenko,Evm,3.0,2,2026-04-29
Artemenko,Evm,4.0,2,2026-04-02
Artemenko,English,5.0,1,2025-12-21
Artemenko,English,3.0,1,2025-10-15
Artemenko,English,3.0,1,2025-11-30
Artemenko,English,4.0,1,2026-01-18
Artemenko,English,5.0,1,2025-12-05
Artemenko,English,5.0,1,2025-09-22
Artemenko,English,4.0,1,2025-11-01
Artemenko,English,3.0,1,2025-11-25
Artemenko,English,5.0,1,2025-11-24
Artemenko,English,3.0,1,2025-09-27
Artemenko,English,3.0,2,2026-03-16
Artemenko,English,4.0,2,2026-04-18
Artemenko,English,5.0,2,2026-03-08
Artemenko,English,5.0,2,2026-03-17
Artemenko,English,5.0,2,2026-04-30
Artemenko,English,3.0,2,2026-05-15
Artemenko,English,5.0,2,2026-02-17
Artemenko,English,5.0,2,2026-05-01
Artemenko,English,4.0,2,2026-05-08
Artemenko,English,3.0,2,2026-05-22
Artemenko,Russian,5.0,1,2025-09-10
Artemenko,Russian,5.0,1,2025-10-09
Artemenko,Russian,5.0,1,2026-01-06
Artemenko,Russian,4.0,1,2026-01-16
Artemenko,Russian,5.0,1,2025-12-28
Artemenko,Russian,5.0,1,2025-09-06
Artemenko,Russian,5.0,1,2026-01-14
Artemenko,Russian,5.0,1,2025-11-03
Artemenko,Russian,5.0,1,2025-10-18
Artemenko,Russian,4.0,1,2025-10-04
Artemenko,Russian,3.0,2,2026-03-28
Artemenko,Russian,3.0,2,2026-03-14
Artemenko,Russian,4.0,2,2026-05-19
Artemenko,Russian,5.0,2,2026-03-13
Artemenko,Russian,3.0,2,2026-05-15
Artemenko,Russian,4.0,2,2026-02-26
Artemenko,Russian,5.0,2,2026-04-18
Artemenko,Russian,4.0,2,2026-04-30
Artemenko,Russian,3.0,2,2026-05-25
Artemenko,Russian,4.0,2,2026-03-01
Artemenko,Bjd,4.0,1,2026-01-23
Artemenko,Bjd,4.0,1,2026-01-07
Artemenko,Bjd,3.0,1,2025-12-11
Artemenko,Bjd,3.0,1,2025-11-12
Artemenko,Bjd,5.0,1,2025-09-16
Artemenko,Bjd,3.0,1,2026-01-24
Artemenko,Bjd,5.0,1,2025-12-11
Artemenko,Bjd,5.0,1,2025-10-18
Artemenko,Bjd,4.0,1,2025-12-19
Artemenko,Bjd,5.0,1,2025-11-27
Artemenko,Bjd,3.0,2,2026-04-01
Artemenko,Bjd,3.0,2,2026-04-30
Artemenko,Bjd,4.0,2,2026-04-26
Artemenko,Bjd,4.0,2,2026-05-16
Artemenko,Bjd,5.0,2,2026-04-11
Artemenko,Bjd,3.0,2,2026-04-23
Artemenko,Bjd,4.0,2,2026-03-12
Artemenko,Bjd,4.0,2,2026-03-07
Artemenko,Bjd,3.0,2,2026-05-06
Artemenko,Bjd,3.0,2,2026-03-29
Vlasov,Math,4.0,1,2025-11-10
Vlasov,Math,5.0,1,2025-09-16
Vlasov,Math,4.0,1,2025-12-01
Vlasov,Math,3.0,1,2025-10-01
Vlasov,Math,4.0,1,2025-11-25
Vlasov,Math,5.0,1,2025-10-31
Vlasov,Math,3.0,1,2025-12-24
Vlasov,Math,5.0,1,2025-12-03
Vlasov,Math,4.0,1,2025-09-09
Vlasov,Math,3.0,1,2025-09-04
Vlasov,Math,3.0,2,2026-02-24
Vlasov,Math,5.0,2,2026-05-05
Vlasov,Math,4.0,2,2026-03-03
Vlasov,Math,5.0,2,2026-03-07
Vlasov,Math,3.0,2,2026-02-15
Vlasov,Math,5.0,2,2026-03-15
Vlasov,Math,3.0,2,2026-04-23
Vlasov,Math,3.0,2,2026-04-23
Vlasov,Math,3.0,2,2026-03-04
Vlasov,Math,4.0,2,2026-04-06
Vlasov,Python,3.0,1,2025-11-05
Vlasov,Python,4.0,1,2025-10-10
Vlasov,Python,5.0,1,2025-10-05
Vlasov,Python,4.0,1,2025-09-04
Vlasov,Python,4.0,1,2025-09-20
Vlasov,Python,4.0,1,2025-09-01
Vlasov,Python,5.0,1,2025-09-20
Vlasov,Python,3.0,1,2025-11-01
Vlasov,Python,5.0,1,2025-11-22
Vlasov,Python,3.0,1,2025-12-11
Vlasov,Python,3.0,2,2026-03-02
Vlasov,Python,5.0,2,2026-02-18
Vlasov,Python,3.0,2,2026-05-21
Vlasov,Python,3.0,2,2026-02-24
Vlasov,Python,4.0,2,2026-05-19
Vlasov,Python,4.0,2,2026-05-09
Vlasov,Python,3.0,2,2026-02-27
Vlasov,Python,5.0,2,2026-05-04
Vlasov,Python,3.0,2,2026-04-12
Vlasov,Python,4.0,2,2026-02-28
Vlasov,Java,4.0,1,2025-11-20
Vlasov,Java,3.0,1,2025-09-20
Vlasov,Java,5.0,1,2025-09-29
Vlasov,Java,4.0,1,2025-09-28
Vlasov,Java,4.0,1,2025-09-20
Vlasov,Java,4.0,1,2026-01-20
Vlasov,Java,3.0,1,2025-11-19
Vlasov,Java,4.0,1,2025-12-29
Vlasov,Java,4.0,1,2025-10-11
Vlasov,Java,3.0,1,2025-09-11
Vlasov,Java,5.0,2,2026-05-18
Vlasov,Java,4.0,2,2026-03-25
Vlasov,Java,3.0,2,2026-04-17
Vlasov,Java,3.0,2,2026-05-17
Vlasov,Java,4.0,2,2026-05-09
Vlasov,Java,5.0,2,2026-04-23
Vlasov,Java,5.0,2,2026-03-11
Vlasov,Java,5.0,2,2026-05-11
Vlasov,Java,3.0,2,2026-05-11
Vlasov,Java,5.0,2,2026-04-10
Vlasov,Database,4.0,1,2025-11-20
Vlasov,Database,4.0,1,2025-10-29
Vlasov,Database,5.0,1,2025-12-20
Vlasov,Database,5.0,1,2025-11-07
Vlasov,Database,5.0,1,2026-01-24
Vlasov,Database,4.0,1,2025-10-20
Vlasov,Database,4.0,1,2026-01-13
Vlasov,Database,3.0,1,2025-11-09
Vlasov,Database,4.0,1,2025-09-13
Vlasov,Database,4.0,1,2025-12-04
Vlasov,Database,5.0,2,2026-03-28
Vlasov,Database,4.0,2,2026-05-23
Vlasov,Database,5.0,2,2026-05-16
Vlasov,Database,4.0,2,2026-03-24
Vlasov,Database,3.0,2,2026-05-12
Vlasov,Database,3.0,2,2026-03-24
Vlasov,Database,5.0,2,2026-02-25
Vlasov,Database,5.0,2,2026-05-06
Vlasov,Database,4.0,2,2026-03-27
Vlasov,Database,4.0,2,2026-04-27
Vlasov,Evm,4.0,1,2025-10-11
Vlasov,Evm,3.0,1,2025-12-06
Vlasov,Evm,4.0,1,2025-11-02
Vlasov,Evm,3.0,1,2025-11-01
Vlasov,Evm,3.0,1,2025-10-25
Vlasov,Evm,4.0,1,2025-12-09
Vlasov,Evm,3.0,1,2025-12-05
Vlasov,Evm,4.0,1,2025-12-03
Vlasov,Evm,5.0,1,2026-01-21
Vlasov,Evm,5.0,1,2025-10-21
Vlasov,Evm,5.0,2,2026-04-28
Vlasov,Evm,4.0,2,2026-02-20
Vlasov,Evm,3.0,2,2026-05-23
Vlasov,Evm,3.0,2,2026-04-24
Vlasov,Evm,5.0,2,2026-04-12
Vlasov,Evm,3.0,2,2026-02-17
Vlasov,Evm,3.0,2,2026-03-13
Vlasov,Evm,3.0,2,2026-05-08
Vlasov,Evm,5.0,2,2026-03-11
Vlasov,Evm,5.0,2,2026-05-20
Vlasov,English,5.0,1,2026-01-13
Vlasov,English,3.0,1,2025-11-25
Vlasov,English,4.0,1,2025-10-19
Vlasov,English,5.0,1,2025-11-06
Vlasov,English,3.0,1,2025-10-16
Vlasov,English,3.0,1,2025-09-19
Vlasov,English,4.0,1,2025-09-04
Vlasov,English,3.0,1,2025-09-21
Vlasov,English,4.0,1,2025-10-01
Vlasov,English,4.0,1,2025-11-04
Vlasov,English,4.0,2,2026-03-27
Vlasov,English,3.0,2,2026-05-03
Vlasov,English,5.0,2,2026-05-23
Vlasov,English,4.0,2,2026-04-22
Vlasov,English,4.0,2,2026-04-19
Vlasov,English,3.0,2,2026-04-09
Vlasov,English,4.0,2,2026-03-08
Vlasov,English,4.0,2,2026-02-26
Vlasov,English,3.0,2,2026-03-20
Vlasov,English,4.0,2,2026-04-07
Vlasov,Russian,3.0,1,2025-12-29
Vlasov,Russian,5.0,1,2025-09-14
Vlasov,Russian,5.0,1,2025-10-13
Vlasov,Russian,3.0,1,2026-01-03
Vlasov,Russian,3.0,1,2025-11-21
Vlasov,Russian,3.0,1,2025-09-16
Vlasov,Russian,5.0,1,2025-12-11
Vlasov,Russian,3.0,1,2025-09-05
Vlasov,Russian,4.0,1,2025-12-26
Vlasov,Russian,4.0,1,2026-01-21
Vlasov,Russian,4.0,2,2026-03-03
Vlasov,Russian,3.0,2,2026-02-17
Vlasov,Russian,5.0,2,2026-04-07
Vlasov,Russian,5.0,2,2026-03-06
Vlasov,Russian,5.0,2,2026-04-22
Vlasov,Russian,4.0,2,2026-02-17
Vlasov,Russian,4.0,2,2026-03-02
Vlasov,Russian,4.0,2,2026-02-23
Vlasov,Russian,5.0,2,2026-03-08
Vlasov,Russian,4.0,2,2026-05-17
Vlasov,Bjd,5.0,1,2026-01-09
Vlasov,Bjd,5.0,1,2025-10-12
Vlasov,Bjd,4.0,1,2025-12-19
Vlasov,Bjd,5.0,1,2025-09-27
Vlasov,Bjd,5.0,1,2025-12-15
Vlasov,Bjd,3.0,1,2025-12-01
Vlasov,Bjd,4.0,1,2025-11-14
Vlasov,Bjd,5.0,1,2025-12-01
Vlasov,Bjd,4.0,1,2025-10-25
Vlasov,Bjd,5.0,1,2025-12-17
Vlasov,Bjd,4.0,2,2026-05-20
Vlasov,Bjd,3.0,2,2026-05-15
Vlasov,Bjd,5.0,2,2026-02-27
Vlasov,Bjd,5.0,2,2026-05-07
Vlasov,Bjd,3.0,2,2026-03-06
Vlasov,Bjd,5.0,2,2026-05-12
Vlasov,Bjd,5.0,2,2026-05-10
Vlasov,Bjd,4.0,2,2026-03-10
Vlasov,Bjd,5.0,2,2026-03-29
Vlasov,Bjd,3.0,2,2026-03-24
Voronin,Math,3.0,1,2025-09-23
Voronin,Math,4.0,1,2026-01-06
Voronin,Math,3.0,1,2025-09-23
Voronin,Math,5.0,1,2025-10-02
Voronin,Math,5.0,1,2026-01-18
Voronin,Math,4.0,1,2025-10-30
Voronin,Math,5.0,1,2025-10-24
Voronin,Math,4.0,1,2025-12-15
Voronin,Math,3.0,1,2025-11-11
Voronin,Math,4.0,1,2026-01-09
Voronin,Math,4.0,2,2026-05-05
Voronin,Math,4.0,2,2026-05-08
Voronin,Math,5.0,2,2026-05-07
Voronin,Math,4.0,2,2026-04-10
Voronin,Math,3.0,2,2026-05-04
Voronin,Math,3.0,2,2026-04-28
Voronin,Math,4.0,2,2026-04-06
Voronin,Math,5.0,2,2026-03-25
Voronin,Math,5.0,2,2026-05-23
Voronin,Math,3.0,2,2026-02-24
Voronin,Python,5.0,1,2025-12-24
Voronin,Python,3.0,1,2025-12-23
Voronin,Python,4.0,1,2025-12-11
Voronin,Python,5.0,1,2025-12-30
Voronin,Python,5.0,1,2025-12-27
Voronin,Python,3.0,1,2025-11-13
Voronin,Python,4.0,1,2025-10-14
Voronin,Python,4.0,1,2025-11-01
Voronin,Python,3.0,1,2025-11-02
Voronin,Python,5.0,1,2025-11-27
Voronin,Python,4.0,2,2026-05-04
Voronin,Python,5.0,2,2026-05-19
Voronin,Python,4.0,2,2026-03-15
Voronin,Python,3.0,2,2026-05-12
Voronin,Python,5.0,2,2026-04-22
Voronin,Python,3.0,2,2026-03-07
Voronin,Python,4.0,2,2026-05-18
Voronin,Python,4.0,2,2026-03-14
Voronin,Python,3.0,2,2026-04-13
Voronin,Python,3.0,2,2026-04-24
Voronin,Java,3.0,1,2025-10-19
Voronin,Java,4.0,1,2025-11-15
Voronin,Java,5.0,1,2025-11-16
Voronin,Java,4.0,1,2025-11-18
Voronin,Java,4.0,1,2025-10-21
Voronin,Java,4.0,1,2026-01-10
Voronin,Java,4.0,1,2025-11-19
Voronin,Java,3.0,1,2025-12-23
Voronin,Java,5.0,1,2025-09-29
Voronin,Java,3.0,1,2026-01-04
Voronin,Java,5.0,2,2026-05-16
Voronin,Java,5.0,2,2026-04-29
Voronin,Java,3.0,2,2026-02-23
Voronin,Java,4.0,2,2026-03-30
Voronin,Java,5.0,2,2026-04-24
Voronin,Java,5.0,2,2026-03-20
Voronin,Java,4.0,2,2026-05-05
Voronin,Java,4.0,2,2026-03-28
Voronin,Java,5.0,2,2026-02-21
Voronin,Java,5.0,2,2026-04-03
Voronin,Database,4.0,1,2025-09-24
Voronin,Database,3.0,1,2025-09-16
Voronin,Database,5.0,1,2026-01-17
Voronin,Database,3.0,1,2025-10-22
Voronin,Database,4.0,1,2025-12-14
Voronin,Database,3.0,1,2025-09-06
Voronin,Database,4.0,1,2025-09-12
Voronin,Database,3.0,1,2025-11-29
Voronin,Database,3.0,1,2025-10-18
Voronin,Database,5.0,1,2025-10-21
Voronin,Database,4.0,2,2026-02-20
Voronin,Database,4.0,2,2026-04-15
Voronin,Database,3.0,2,2026-03-31
Voronin,Database,5.0,2,2026-04-26
Voronin,Database,4.0,2,2026-03-18
Voronin,Database,4.0,2,2026-03-27
Voronin,Database,3.0,2,2026-03-02
Voronin,Database,4.0,2,2026-03-11
Voronin,Database,5.0,2,2026-03-06
Voronin,Database,4.0,2,2026-04-27
Voronin,Evm,3.0,1,2025-12-13
Voronin,Evm,4.0,1,2025-10-24
Voronin,Evm,3.0,1,2025-09-28
Voronin,Evm,3.0,1,2025-10-23
Voronin,Evm,4.0,1,2025-12-29
Voronin,Evm,3.0,1,2025-09-08
Voronin,Evm,4.0,1,2025-09-22
Voronin,Evm,3.0,1,2025-12-11
Voronin,Evm,3.0,1,2025-12-18
Voronin,Evm,5.0,1,2026-01-12
Voronin,Evm,3.0,2,2026-03-12
Voronin,Evm,4.0,2,2026-05-15
Voronin,Evm,4.0,2,2026-04-14
Voronin,Evm,4.0,2,2026-04-27
Voronin,Evm,3.0,2,2026-04-17
Voronin,Evm,4.0,2,2026-03-20
Voronin,Evm,5.0,2,2026-03-20
Voronin,Evm,4.0,2,2026-05-22
Voronin,Evm,4.0,2,2026-03-28
Voronin,Evm,3.0,2,2026-04-20
Voronin,English,4.0,1,2025-09-08
Voronin,English,4.0,1,2025-11-24
Voronin,English,5.0,1,2025-11-19
Voronin,English,3.0,1,2025-12-16
Voronin,English,4.0,1,2025-11-21
Voronin,English,3.0,1,2025-10-20
Voronin,English,4.0,1,2026-01-06
Voronin,English,3.0,1,2025-09-26
Voronin,English,3.0,1,2026-01-23
Voronin,English,4.0,1,2025-09-28
Voronin,English,3.0,2,2026-05-15
Voronin,English,3.0,2,2026-03-14
Voronin,English,3.0,2,2026-05-12
Voronin,English,4.0,2,2026-03-23
Voronin,English,5.0,2,2026-05-11
Voronin,English,3.0,2,2026-04-07
Voronin,English,3.0,2,2026-05-19
Voronin,English,5.0,2,2026-03-25
Voronin,English,4.0,2,2026-04-09
Voronin,English,4.0,2,2026-04-17
Voronin,Russian,4.0,1,2025-09-01
Voronin,Russian,5.0,1,2025-10-31
Voronin,Russian,4.0,1,2025-10-20
Voronin,Russian,3.0,1,2025-10-11
Voronin,Russian,4.0,1,2025-10-05
Voronin,Russian,5.0,1,2025-09-12
Voronin,Russian,3.0,1,2025-12-15
Voronin,Russian,5.0,1,2025-12-11
Voronin,Russian,4.0,1,2025-12-07
Voronin,Russian,4.0,1,2025-12-09
Voronin,Russian,5.0,2,2026-03-30
Voronin,Russian,3.0,2,2026-03-08
Voronin,Russian,4.0,2,2026-05-07
Voronin,Russian,4.0,2,2026-04-17
Voronin,Russian,5.0,2,2026-03-30
Voronin,Russian,4.0,2,2026-04-08
Voronin,Russian,5.0,2,2026-04-19
Voronin,Russian,4.0,2,2026-04-08
Voronin,Russian,4.0,2,2026-04-22
Voronin,Russian,4.0,2,2026-04-24
Voronin,Bjd,5.0,1,2025-09-07
Voronin,Bjd,3.0,1,2025-10-25
Voronin,Bjd,3.0,1,2025-09-19
Voronin,Bjd,3.0,1,2025-09-15
Voronin,Bjd,5.0,1,2025-10-05
Voronin,Bjd,3.0,1,2025-09-14
Voronin,Bjd,5.0,1,2025-10-31
Voronin,Bjd,4.0,1,2025-11-04
Voronin,Bjd,4.0,1,2025-12-21
Voronin,Bjd,4.0,1,2025-10-11
Voronin,Bjd,4.0,2,2026-04-02
Voronin,Bjd,5.0,2,2026-04-24
Voronin,Bjd,3.0,2,2026-04-06
Voronin,Bjd,3.0,2,2026-03-02
Voronin,Bjd,4.0,2,2026-04-21
Voronin,Bjd,5.0,2,2026-03-27
Voronin,Bjd,5.0,2,2026-05-13
Voronin,Bjd,3.0,2,2026-03-25
Voronin,Bjd,3.0,2,2026-02-18
Voronin,Bjd,5.0,2,2026-04-20
Gaponenko,Math,3.0,1,2025-11-26
Gaponenko,Math,4.0,1,2025-11-22
Gaponenko,Math,4.0,1,2025-11-28
Gaponenko,Math,4.0,1,2025-11-12
Gaponenko,Math,3.0,1,2025-11-24
Gaponenko,Math,5.0,1,2025-12-15
Gaponenko,Math,4.0,1,2025-10-18
Gaponenko,Math,4.0,1,2026-01-10
Gaponenko,Math,5.0,1,2026-01-01
Gaponenko,Math,5.0,1,2025-12-10
Gaponenko,Math,3.0,2,2026-03-25
Gaponenko,Math,4.0,2,2026-05-17
Gaponenko,Math,3.0,2,2026-05-24
Gaponenko,Math,4.0,2,2026-02-22
Gaponenko,Math,4.0,2,2026-05-23
Gaponenko,Math,3.0,2,2026-02-20
Gaponenko,Math,3.0,2,2026-03-21
Gaponenko,Math,4.0,2,2026-04-03
Gaponenko,Math,4.0,2,2026-05-01
Gaponenko,Math,4.0,2,2026-05-13
Gaponenko,Python,3.0,1,2025-12-21
Gaponenko,Python,5.0,1,2025-09-09
Gaponenko,Python,4.0,1,2025-10-10
Gaponenko,Python,5.0,1,2025-10-11
Gaponenko,Python,5.0,1,2025-11-14
Gaponenko,Python,5.0,1,2025-11-17
Gaponenko,Python,3.0,1,2026-01-09
Gaponenko,Python,3.0,1,2025-10-17
Gaponenko,Python,4.0,1,2025-11-26
Gaponenko,Python,3.0,1,2025-11-06
Gaponenko,Python,5.0,2,2026-04-14
Gaponenko,Python,3.0,2,2026-03-08
Gaponenko,Python,3.0,2,2026-04-01
Gaponenko,Python,4.0,2,2026-05-19
Gaponenko,Python,4.0,2,2026-04-07
Gaponenko,Python,5.0,2,2026-05-23
Gaponenko,Python,3.0,2,2026-04-18
Gaponenko,Python,4.0,2,2026-03-15
Gaponenko,Python,5.0,2,2026-03-22
Gaponenko,Python,5.0,2,2026-05-06
Gaponenko,Java,3.0,1,2026-01-20
Gaponenko,Java,3.0,1,2025-10-09
Gaponenko,Java,3.0,1,2025-11-11
Gaponenko,Java,3.0,1,2025-10-18
Gaponenko,Java,4.0,1,2025-11-17
Gaponenko,Java,4.0,1,2026-01-14
Gaponenko,Java,3.0,1,2025-12-08
Gaponenko,Java,4.0,1,2025-11-08
Gaponenko,Java,5.0,1,2025-11-02
Gaponenko,Java,5.0,1,2025-09-04
Gaponenko,Java,4.0,2,2026-05-12
Gaponenko,Java,5.0,2,2026-02-25
Gaponenko,Java,5.0,2,2026-04-29
Gaponenko,Java,3.0,2,2026-04-17
Gaponenko,Java,3.0,2,2026-02-25
Gaponenko,Java,3.0,2,2026-05-15
Gaponenko,Java,5.0,2,2026-04-01
Gaponenko,Java,3.0,2,2026-03-10
Gaponenko,Java,3.0,2,2026-02-15
Gaponenko,Java,3.0,2,2026-05-15
Gaponenko,Database,3.0,1,2025-09-10
Gaponenko,Database,3.0,1,2025-12-25
Gaponenko,Database,4.0,1,2025-11-24
Gaponenko,Database,5.0,1,2025-11-07
Gaponenko,Database,5.0,1,2025-10-06
Gaponenko,Database,3.0,1,2025-12-14
Gaponenko,Database,4.0,1,2026-01-24
Gaponenko,Database,5.0,1,2025-11-17
Gaponenko,Database,3.0,1,2025-12-29
Gaponenko,Database,3.0,1,2025-10-17
Gaponenko,Database,5.0,2,2026-02-20
Gaponenko,Database,4.0,2,2026-03-10
Gaponenko,Database,4.0,2,2026-05-14
Gaponenko,Database,5.0,2,2026-02-21
Gaponenko,Database,4.0,2,2026-03-11
Gaponenko,Database,5.0,2,2026-04-13
Gaponenko,Database,4.0,2,2026-04-09
Gaponenko,Database,5.0,2,2026-04-08
Gaponenko,Database,4.0,2,2026-04-29
Gaponenko,Database,4.0,2,2026-03-17
Gaponenko,Evm,4.0,1,2025-12-06
Gaponenko,Evm,5.0,1,2025-09-18
Gaponenko,Evm,4.0,1,2026-01-19
Gaponenko,Evm,5.0,1,2025-12-22
Gaponenko,Evm,5.0,1,2025-11-19
Gaponenko,Evm,4.0,1,2025-11-21
Gaponenko,Evm,4.0,1,2025-10-28
Gaponenko,Evm,5.0,1,2025-09-09
Gaponenko,Evm,3.0,1,2025-09-18
Gaponenko,Evm,5.0,1,2026-01-14
Gaponenko,Evm,4.0,2,2026-04-14
Gaponenko,Evm,4.0,2,2026-02-27
Gaponenko,Evm,3.0,2,2026-02-18
Gaponenko,Evm,4.0,2,2026-02-16
Gaponenko,Evm,4.0,2,2026-04-04
Gaponenko,Evm,4.0,2,2026-02-18
Gaponenko,Evm,4.0,2,2026-05-13
Gaponenko,Evm,5.0,2,2026-04-08
Gaponenko,Evm,3.0,2,2026-05-09
Gaponenko,Evm,3.0,2,2026-03-08
Gaponenko,English,5.0,1,2025-09-15
Gaponenko,English,5.0,1,2025-12-08
Gaponenko,English,4.0,1,2026-01-17
Gaponenko,English,4.0,1,2025-11-26
Gaponenko,English,5.0,1,2025-09-05
Gaponenko,English,3.0,1,2026-01-02
Gaponenko,English,5.0,1,2025-09-11
Gaponenko,English,4.0,1,2025-09-06
Gaponenko,English,3.0,1,2025-11-26
Gaponenko,English,4.0,1,2025-10-02
Gaponenko,English,3.0,2,2026-03-23
Gaponenko,English,4.0,2,2026-03-07
Gaponenko,English,3.0,2,2026-03-19
Gaponenko,English,5.0,2,2026-05-03
Gaponenko,English,4.0,2,2026-03-13
Gaponenko,English,3.0,2,2026-05-12
Gaponenko,English,5.0,2,2026-04-28
Gaponenko,English,5.0,2,2026-05-06
Gaponenko,English,5.0,2,2026-04-06
Gaponenko,English,3.0,2,2026-02-23
Gaponenko,Russian,4.0,1,2026-01-17
Gaponenko,Russian,3.0,1,2025-10-04
Gaponenko,Russian,5.0,1,2025-11-05
Gaponenko,Russian,4.0,1,2025-10-02
Gaponenko,Russian,4.0,1,2025-11-01
Gaponenko,Russian,5.0,1,2025-10-12
Gaponenko,Russian,4.0,1,2025-09-29
Gaponenko,Russian,3.0,1,2025-09-04
Gaponenko,Russian,5.0,1,2025-09-05
Gaponenko,Russian,3.0,1,2025-12-01
Gaponenko,Russian,5.0,2,2026-02-22
Gaponenko,Russian,3.0,2,2026-03-31
Gaponenko,Russian,3.0,2,2026-05-21
Gaponenko,Russian,3.0,2,2026-04-12
Gaponenko,Russian,3.0,2,2026-05-15
Gaponenko,Russian,4.0,2,2026-05-12
Gaponenko,Russian,3.0,2,2026-03-27
Gaponenko,Russian,5.0,2,2026-03-15
Gaponenko,Russian,4.0,2,2026-05-13
Gaponenko,Russian,4.0,2,2026-04-18
Gaponenko,Bjd,4.0,1,2025-12-14
Gaponenko,Bjd,4.0,1,2026-01-19
Gaponenko,Bjd,4.0,1,2025-11-28
Gaponenko,Bjd,3.0,1,2026-01-18
Gaponenko,Bjd,4.0,1,2025-09-07
Gaponenko,Bjd,4.0,1,2025-10-01
Gaponenko,Bjd,4.0,1,2025-10-13
Gaponenko,Bjd,5.0,1,2026-01-17
Gaponenko,Bjd,5.0,1,2025-11-17
Gaponenko,Bjd,3.0,1,2025-10-08
Gaponenko,Bjd,3.0,2,2026-03-31
Gaponenko,Bjd,3.0,2,2026-04-30
Gaponenko,Bjd,4.0,2,2026-05-03
Gaponenko,Bjd,4.0,2,2026-04-26
Gaponenko,Bjd,5.0,2,2026-03-26
Gaponenko,Bjd,3.0,2,2026-03-30
Gaponenko,Bjd,4.0,2,2026-04-28
Gaponenko,Bjd,5.0,2,2026-02-28
Gaponenko,Bjd,5.0,2,2026-03-30
Gaponenko,Bjd,4.0,2,2026-04-21
Grigorovskiy,Math,5.0,1,2025-09-26
Grigorovskiy,Math,4.0,1,2025-09-28
Grigorovskiy,Math,4.0,1,2025-12-22
Grigorovskiy,Math,4.0,1,2025-12-11
Grigorovskiy,Math,3.0,1,2025-09-02
Grigorovskiy,Math,4.0,1,2025-09-22
Grigorovskiy,Math,4.0,1,2025-12-11
Grigorovskiy,Math,5.0,1,2025-11-12
Grigorovskiy,Math,3.0,1,2025-11-21
Grigorovskiy,Math,4.0,1,2025-11-02
Grigorovskiy,Math,3.0,2,2026-02-17
Grigorovskiy,Math,4.0,2,2026-04-16
Grigorovskiy,Math,5.0,2,2026-03-17
Grigorovskiy,Math,4.0,2,2026-03-23
Grigorovskiy,Math,3.0,2,2026-04-05
Grigorovskiy,Math,4.0,2,2026-03-06
Grigorovskiy,Math,4.0,2,2026-04-03
Grigorovskiy,Math,3.0,2,2026-04-26
Grigorovskiy,Math,4.0,2,2026-03-28
Grigorovskiy,Math,5.0,2,2026-04-05
Grigorovskiy,Python,3.0,1,2025-09-12
Grigorovskiy,Python,4.0,1,2025-10-02
Grigorovskiy,Python,4.0,1,2025-10-21
Grigorovskiy,Python,5.0,1,2025-10-06
Grigorovskiy,Python,3.0,1,2025-09-05
Grigorovskiy,Python,4.0,1,2025-11-05
Grigorovskiy,Python,5.0,1,2025-12-09
Grigorovskiy,Python,3.0,1,2025-09-04
Grigorovskiy,Python,4.0,1,2025-09-11
Grigorovskiy,Python,5.0,1,2025-11-23
Grigorovskiy,Python,4.0,2,2026-05-06
Grigorovskiy,Python,4.0,2,2026-03-20
Grigorovskiy,Python,5.0,2,2026-05-10
Grigorovskiy,Python,3.0,2,2026-02-28
Grigorovskiy,Python,3.0,2,2026-04-02
Grigorovskiy,Python,4.0,2,2026-04-16
Grigorovskiy,Python,4.0,2,2026-04-15
Grigorovskiy,Python,3.0,2,2026-04-02
Grigorovskiy,Python,4.0,2,2026-02-21
Grigorovskiy,Python,5.0,2,2026-04-10
Grigorovskiy,Java,3.0,1,2025-12-31
Grigorovskiy,Java,3.0,1,2025-11-09
Grigorovskiy,Java,3.0,1,2025-10-13
Grigorovskiy,Java,5.0,1,2026-01-06
Grigorovskiy,Java,5.0,1,2025-11-21
Grigorovskiy,Java,4.0,1,2025-09-26
Grigorovskiy,Java,5.0,1,2025-09-23
Grigorovskiy,Java,5.0,1,2025-11-03
Grigorovskiy,Java,5.0,1,2025-10-06
Grigorovskiy,Java,5.0,1,2025-09-08
Grigorovskiy,Java,4.0,2,2026-05-25
Grigorovskiy,Java,4.0,2,2026-03-27
Grigorovskiy,Java,4.0,2,2026-04-17
Grigorovskiy,Java,4.0,2,2026-03-19
Grigorovskiy,Java,4.0,2,2026-03-17
Grigorovskiy,Java,5.0,2,2026-03-04
Grigorovskiy,Java,3.0,2,2026-04-18
Grigorovskiy,Java,4.0,2,2026-05-21
Grigorovskiy,Java,3.0,2,2026-03-20
Grigorovskiy,Java,3.0,2,2026-05-25
Grigorovskiy,Database,3.0,1,2026-01-14
Grigorovskiy,Database,4.0,1,2025-12-31
Grigorovskiy,Database,4.0,1,2025-10-13
Grigorovskiy,Database,3.0,1,2025-12-06
Grigorovskiy,Database,3.0,1,2026-01-24
Grigorovskiy,Database,4.0,1,2026-01-20
Grigorovskiy,Database,3.0,1,2025-10-10
Grigorovskiy,Database,5.0,1,2025-10-30
Grigorovskiy,Database,4.0,1,2025-12-09
Grigorovskiy,Database,3.0,1,2026-01-02
Grigorovskiy,Database,4.0,2,2026-05-05
Grigorovskiy,Database,4.0,2,2026-03-22
Grigorovskiy,Database,3.0,2,2026-04-22
Grigorovskiy,Database,5.0,2,2026-03-23
Grigorovskiy,Database,5.0,2,2026-02-19
Grigorovskiy,Database,4.0,2,2026-05-21
Grigorovskiy,Database,4.0,2,2026-03-02
Grigorovskiy,Database,3.0,2,2026-04-06
Grigorovskiy,Database,4.0,2,2026-05-25
Grigorovskiy,Database,4.0,2,2026-03-06
Grigorovskiy,Evm,4.0,1,2026-01-04
Grigorovskiy,Evm,4.0,1,2025-11-05
Grigorovskiy,Evm,4.0,1,2026-01-14
Grigorovskiy,Evm,5.0,1,2025-12-31
Grigorovskiy,Evm,4.0,1,2025-09-27
Grigorovskiy,Evm,4.0,1,2026-01-12
Grigorovskiy,Evm,4.0,1,2026-01-19
Grigorovskiy,Evm,4.0,1,2026-01-05
Grigorovskiy,Evm,5.0,1,2025-10-31
Grigorovskiy,Evm,5.0,1,2025-10-01
Grigorovskiy,Evm,4.0,2,2026-02-19
Grigorovskiy,Evm,5.0,2,2026-03-24
Grigorovskiy,Evm,3.0,2,2026-03-21
Grigorovskiy,Evm,3.0,2,2026-03-31
Grigorovskiy,Evm,5.0,2,2026-05-20
Grigorovskiy,Evm,3.0,2,2026-05-17
Grigorovskiy,Evm,4.0,2,2026-05-16
Grigorovskiy,Evm,4.0,2,2026-03-16
Grigorovskiy,Evm,5.0,2,2026-03-27
Grigorovskiy,Evm,5.0,2,2026-02-20
Grigorovskiy,English,5.0,1,2026-01-10
Grigorovskiy,English,3.0,1,2025-12-05
Grigorovskiy,English,4.0,1,2025-11-30
Grigorovskiy,English,5.0,1,2026-01-11
Grigorovskiy,English,3.0,1,2025-11-20
Grigorovskiy,English,3.0,1,2025-12-27
Grigorovskiy,English,4.0,1,2025-11-13
Grigorovskiy,English,3.0,1,2025-09-17
Grigorovskiy,English,4.0,1,2025-10-14
Grigorovskiy,English,3.0,1,2025-10-21
Grigorovskiy,English,3.0,2,2026-04-24
Grigorovskiy,English,5.0,2,2026-02-23
Grigorovskiy,English,5.0,2,2026-03-09
Grigorovskiy,English,4.0,2,2026-05-03
Grigorovskiy,English,3.0,2,2026-02-25
Grigorovskiy,English,4.0,2,2026-03-17
Grigorovskiy,English,3.0,2,2026-02-28
Grigorovskiy,English,5.0,2,2026-05-19
Grigorovskiy,English,5.0,2,2026-04-03
Grigorovskiy,English,3.0,2,2026-02-19
Grigorovskiy,Russian,5.0,1,2025-12-29
Grigorovskiy,Russian,3.0,1,2025-09-26
Grigorovskiy,Russian,4.0,1,2025-12-19
Grigorovskiy,Russian,5.0,1,2025-09-04
Grigorovskiy,Russian,3.0,1,2025-10-03
Grigorovskiy,Russian,5.0,1,2026-01-11
Grigorovskiy,Russian,4.0,1,2026-01-06
Grigorovskiy,Russian,4.0,1,2025-09-29
Grigorovskiy,Russian,5.0,1,2025-12-13
Grigorovskiy,Russian,3.0,1,2025-12-01
Grigorovskiy,Russian,3.0,2,2026-04-11
Grigorovskiy,Russian,3.0,2,2026-04-08
Grigorovskiy,Russian,5.0,2,2026-03-20
Grigorovskiy,Russian,3.0,2,2026-05-23
Grigorovskiy,Russian,4.0,2,2026-03-31
Grigorovskiy,Russian,3.0,2,2026-05-18
Grigorovskiy,Russian,5.0,2,2026-03-07
Grigorovskiy,Russian,3.0,2,2026-04-07
Grigorovskiy,Russian,5.0,2,2026-03-14
Grigorovskiy,Russian,3.0,2,2026-05-02
Grigorovskiy,Bjd,4.0,1,2025-11-02
Grigorovskiy,Bjd,5.0,1,2025-11-09
Grigorovskiy,Bjd,4.0,1,2025-10-10
Grigorovskiy,Bjd,3.0,1,2026-01-21
Grigorovskiy,Bjd,3.0,1,2026-01-17
Grigorovskiy,Bjd,5.0,1,2025-09-16
Grigorovskiy,Bjd,4.0,1,2025-12-23
Grigorovskiy,Bjd,4.0,1,2025-09-19
Grigorovskiy,Bjd,5.0,1,2025-10-17
Grigorovskiy,Bjd,3.0,1,2025-11-22
Grigorovskiy,Bjd,3.0,2,2026-03-26
Grigorovskiy,Bjd,3.0,2,2026-04-02
Grigorovskiy,Bjd,4.0,2,2026-05-13
Grigorovskiy,Bjd,4.0,2,2026-05-17
Grigorovskiy,Bjd,4.0,2,2026-03-18
Grigorovskiy,Bjd,4.0,2,2026-03-12
Grigorovskiy,Bjd,3.0,2,2026-03-25
Grigorovskiy,Bjd,5.0,2,2026-05-16
Grigorovskiy,Bjd,4.0,2,2026-03-20
Grigorovskiy,Bjd,4.0,2,2026-03-31
Dmitriev,Math,3.0,1,2025-10-08
Dmitriev,Math,4.0,1,2025-09-10
Dmitriev,Math,5.0,1,2025-09-02
Dmitriev,Math,3.0,1,2025-10-20
Dmitriev,Math,3.0,1,2025-12-26
Dmitriev,Math,4.0,1,2025-12-20
Dmitriev,Math,3.0,1,2025-11-09
Dmitriev,Math,5.0,1,2026-01-20
Dmitriev,Math,4.0,1,2025-10-08
Dmitriev,Math,4.0,1,2025-11-13
Dmitriev,Math,3.0,2,2026-04-03
Dmitriev,Math,4.0,2,2026-04-11
Dmitriev,Math,5.0,2,2026-05-19
Dmitriev,Math,4.0,2,2026-05-18
Dmitriev,Math,3.0,2,2026-03-14
Dmitriev,Math,5.0,2,2026-03-25
Dmitriev,Math,5.0,2,2026-04-23
Dmitriev,Math,4.0,2,2026-04-04
Dmitriev,Math,5.0,2,2026-05-18
Dmitriev,Math,3.0,2,2026-04-28
Dmitriev,Python,4.0,1,2025-12-17
Dmitriev,Python,4.0,1,2025-12-28
Dmitriev,Python,4.0,1,2025-12-30
Dmitriev,Python,5.0,1,2025-10-03
Dmitriev,Python,5.0,1,2025-09-14
Dmitriev,Python,4.0,1,2026-01-06
Dmitriev,Python,4.0,1,2025-12-08
Dmitriev,Python,4.0,1,2025-11-27
Dmitriev,Python,3.0,1,2025-12-01
Dmitriev,Python,3.0,1,2025-09-10
Dmitriev,Python,4.0,2,2026-04-10
Dmitriev,Python,5.0,2,2026-03-05
Dmitriev,Python,3.0,2,2026-05-13
Dmitriev,Python,4.0,2,2026-04-05
Dmitriev,Python,3.0,2,2026-04-21
Dmitriev,Python,5.0,2,2026-03-13
Dmitriev,Python,4.0,2,2026-03-29
Dmitriev,Python,5.0,2,2026-04-05
Dmitriev,Python,5.0,2,2026-05-09
Dmitriev,Python,5.0,2,2026-03-14
Dmitriev,Java,3.0,1,2025-11-02
Dmitriev,Java,5.0,1,2026-01-20
Dmitriev,Java,4.0,1,2025-11-24
Dmitriev,Java,3.0,1,2025-10-05
Dmitriev,Java,4.0,1,2025-10-14
Dmitriev,Java,5.0,1,2025-10-23
Dmitriev,Java,3.0,1,2025-12-29
Dmitriev,Java,3.0,1,2025-10-14
Dmitriev,Java,3.0,1,2025-10-16
Dmitriev,Java,3.0,1,2025-10-08
Dmitriev,Java,5.0,2,2026-03-23
Dmitriev,Java,5.0,2,2026-03-30
Dmitriev,Java,5.0,2,2026-03-14
Dmitriev,Java,3.0,2,2026-04-26
Dmitriev,Java,5.0,2,2026-02-26
Dmitriev,Java,5.0,2,2026-04-15
Dmitriev,Java,5.0,2,2026-05-12
Dmitriev,Java,5.0,2,2026-02-17
Dmitriev,Java,3.0,2,2026-05-05
Dmitriev,Java,5.0,2,2026-05-07
Dmitriev,Database,4.0,1,2025-11-22
Dmitriev,Database,4.0,1,2026-01-21
Dmitriev,Database,3.0,1,2025-12-02
Dmitriev,Database,4.0,1,2026-01-12
Dmitriev,Database,5.0,1,2025-09-24
Dmitriev,Database,5.0,1,2025-10-23
Dmitriev,Database,4.0,1,2025-11-06
Dmitriev,Database,5.0,1,2025-12-30
Dmitriev,Database,5.0,1,2025-09-21
Dmitriev,Database,5.0,1,2025-09-18
Dmitriev,Database,3.0,2,2026-04-23
Dmitriev,Database,5.0,2,2026-05-23
Dmitriev,Database,4.0,2,2026-03-16
Dmitriev,Database,4.0,2,2026-04-29
Dmitriev,Database,5.0,2,2026-04-17
Dmitriev,Database,4.0,2,2026-03-20
Dmitriev,Database,3.0,2,2026-03-07
Dmitriev,Database,4.0,2,2026-05-01
Dmitriev,Database,5.0,2,2026-03-18
Dmitriev,Database,5.0,2,2026-02-25
Dmitriev,Evm,4.0,1,2025-12-09
Dmitriev,Evm,3.0,1,2025-11-05
Dmitriev,Evm,5.0,1,2025-11-10
Dmitriev,Evm,5.0,1,2025-12-25
Dmitriev,Evm,5.0,1,2026-01-01
Dmitriev,Evm,5.0,1,2025-10-26
Dmitriev,Evm,4.0,1,2025-12-19
Dmitriev,Evm,5.0,1,2025-11-28
Dmitriev,Evm,3.0,1,2025-09-22
Dmitriev,Evm,3.0,1,2025-10-26
Dmitriev,Evm,3.0,2,2026-05-05
Dmitriev,Evm,4.0,2,2026-03-19
Dmitriev,Evm,3.0,2,2026-05-02
Dmitriev,Evm,5.0,2,2026-04-21
Dmitriev,Evm,3.0,2,2026-03-05
Dmitriev,Evm,4.0,2,2026-04-24
Dmitriev,Evm,3.0,2,2026-04-17
Dmitriev,Evm,5.0,2,2026-03-05
Dmitriev,Evm,3.0,2,2026-04-29
Dmitriev,Evm,5.0,2,2026-02-15
Dmitriev,English,5.0,1,2025-09-27
Dmitriev,English,3.0,1,2025-09-14
Dmitriev,English,5.0,1,2025-10-31
Dmitriev,English,4.0,1,2025-11-22
Dmitriev,English,3.0,1,2025-10-28
Dmitriev,English,5.0,1,2025-09-08
Dmitriev,English,3.0,1,2026-01-24
Dmitriev,English,4.0,1,2025-10-31
Dmitriev,English,5.0,1,2025-11-08
Dmitriev,English,5.0,1,2025-09-25
Dmitriev,English,4.0,2,2026-05-17
Dmitriev,English,5.0,2,2026-04-02
Dmitriev,English,5.0,2,2026-04-18
Dmitriev,English,3.0,2,2026-04-06
Dmitriev,English,3.0,2,2026-04-26
Dmitriev,English,3.0,2,2026-03-30
Dmitriev,English,3.0,2,2026-02-18
Dmitriev,English,3.0,2,2026-04-25
Dmitriev,English,5.0,2,2026-05-15
Dmitriev,English,4.0,2,2026-05-02
Dmitriev,Russian,4.0,1,2025-11-05
Dmitriev,Russian,3.0,1,2025-12-16
Dmitriev,Russian,5.0,1,2025-12-19
Dmitriev,Russian,4.0,1,2026-01-11
Dmitriev,Russian,3.0,1,2025-09-22
Dmitriev,Russian,4.0,1,2025-12-03
Dmitriev,Russian,3.0,1,2025-10-09
Dmitriev,Russian,3.0,1,2025-09-24
Dmitriev,Russian,3.0,1,2025-11-21
Dmitriev,Russian,5.0,1,2025-11-26
Dmitriev,Russian,4.0,2,2026-03-02
Dmitriev,Russian,3.0,2,2026-02-15
Dmitriev,Russian,3.0,2,2026-04-14
Dmitriev,Russian,5.0,2,2026-03-28
Dmitriev,Russian,5.0,2,2026-04-27
Dmitriev,Russian,5.0,2,2026-04-25
Dmitriev,Russian,5.0,2,2026-04-28
Dmitriev,Russian,3.0,2,2026-03-24
Dmitriev,Russian,3.0,2,2026-04-28
Dmitriev,Russian,4.0,2,2026-04-29
Dmitriev,Bjd,3.0,1,2026-01-09
Dmitriev,Bjd,3.0,1,2025-12-31
Dmitriev,Bjd,5.0,1,2025-10-09
Dmitriev,Bjd,5.0,1,2025-11-06
Dmitriev,Bjd,4.0,1,2025-12-13
Dmitriev,Bjd,4.0,1,2026-01-11
Dmitriev,Bjd,3.0,1,2025-09-21
Dmitriev,Bjd,5.0,1,2026-01-02
Dmitriev,Bjd,5.0,1,2025-12-08
Dmitriev,Bjd,5.0,1,2026-01-15
Dmitriev,Bjd,3.0,2,2026-03-08
Dmitriev,Bjd,4.0,2,2026-05-05
Dmitriev,Bjd,3.0,2,2026-04-16
Dmitriev,Bjd,5.0,2,2026-02-24
Dmitriev,Bjd,5.0,2,2026-04-04
Dmitriev,Bjd,4.0,2,2026-04-17
Dmitriev,Bjd,4.0,2,2026-04-07
Dmitriev,Bjd,4.0,2,2026-03-25
Dmitriev,Bjd,5.0,2,2026-05-15
Dmitriev,Bjd,3.0,2,2026-04-21
Kojevnikov,Math,4.0,1,2025-11-10
Kojevnikov,Math,3.0,1,2025-10-13
Kojevnikov,Math,3.0,1,2026-01-14
Kojevnikov,Math,4.0,1,2025-09-18
Kojevnikov,Math,5.0,1,2025-12-30
Kojevnikov,Math,4.0,1,2025-12-28
Kojevnikov,Math,5.0,1,2026-01-02
Kojevnikov,Math,3.0,1,2025-09-18
Kojevnikov,Math,5.0,1,2025-12-02
Kojevnikov,Math,5.0,1,2025-11-07
Kojevnikov,Math,3.0,2,2026-05-17
Kojevnikov,Math,4.0,2,2026-04-28
Kojevnikov,Math,4.0,2,2026-04-20
Kojevnikov,Math,3.0,2,2026-03-18
Kojevnikov,Math,4.0,2,2026-05-19
Kojevnikov,Math,3.0,2,2026-03-14
Kojevnikov,Math,4.0,2,2026-02-24
Kojevnikov,Math,5.0,2,2026-02-22
Kojevnikov,Math,4.0,2,2026-04-03
Kojevnikov,Math,4.0,2,2026-03-19
Kojevnikov,Python,5.0,1,2025-12-19
Kojevnikov,Python,4.0,1,2025-09-26
Kojevnikov,Python,4.0,1,2025-09-14
Kojevnikov,Python,3.0,1,2026-01-21
Kojevnikov,Python,5.0,1,2026-01-11
Kojevnikov,Python,5.0,1,2025-09-26
Kojevnikov,Python,4.0,1,2025-10-30
Kojevnikov,Python,3.0,1,2025-11-08
Kojevnikov,Python,3.0,1,2025-11-19
Kojevnikov,Python,4.0,1,2025-09-01
Kojevnikov,Python,3.0,2,2026-05-06
Kojevnikov,Python,5.0,2,2026-03-22
Kojevnikov,Python,4.0,2,2026-03-16
Kojevnikov,Python,4.0,2,2026-04-10
Kojevnikov,Python,5.0,2,2026-03-12
Kojevnikov,Python,4.0,2,2026-03-30
Kojevnikov,Python,3.0,2,2026-04-06
Kojevnikov,Python,3.0,2,2026-03-15
Kojevnikov,Python,4.0,2,2026-04-09
Kojevnikov,Python,5.0,2,2026-03-29
Kojevnikov,Java,5.0,1,2026-01-11
Kojevnikov,Java,5.0,1,2025-11-05
Kojevnikov,Java,5.0,1,2025-11-18
Kojevnikov,Java,3.0,1,2025-12-07
Kojevnikov,Java,4.0,1,2025-10-07
Kojevnikov,Java,4.0,1,2025-11-15
Kojevnikov,Java,5.0,1,2025-09-27
Kojevnikov,Java,3.0,1,2025-09-01
Kojevnikov,Java,4.0,1,2026-01-14
Kojevnikov,Java,5.0,1,2025-10-31
Kojevnikov,Java,5.0,2,2026-05-23
Kojevnikov,Java,3.0,2,2026-03-13
Kojevnikov,Java,5.0,2,2026-04-20
Kojevnikov,Java,5.0,2,2026-03-06
Kojevnikov,Java,3.0,2,2026-04-06
Kojevnikov,Java,3.0,2,2026-05-12
Kojevnikov,Java,5.0,2,2026-03-16
Kojevnikov,Java,4.0,2,2026-04-08
Kojevnikov,Java,3.0,2,2026-03-16
Kojevnikov,Java,4.0,2,2026-04-06
Kojevnikov,Database,4.0,1,2025-09-05
Kojevnikov,Database,3.0,1,2025-09-10
Kojevnikov,Database,5.0,1,2025-10-17
Kojevnikov,Database,4.0,1,2025-10-13
Kojevnikov,Database,3.0,1,2025-10-26
Kojevnikov,Database,3.0,1,2026-01-03
Kojevnikov,Database,3.0,1,2025-12-29
Kojevnikov,Database,4.0,1,2025-12-17
Kojevnikov,Database,5.0,1,2025-11-19
Kojevnikov,Database,5.0,1,2025-09-02
Kojevnikov,Database,5.0,2,2026-02-23
Kojevnikov,Database,5.0,2,2026-05-16
Kojevnikov,Database,3.0,2,2026-04-18
Kojevnikov,Database,4.0,2,2026-05-03
Kojevnikov,Database,3.0,2,2026-05-09
Kojevnikov,Database,5.0,2,2026-05-22
Kojevnikov,Database,3.0,2,2026-05-08
Kojevnikov,Database,4.0,2,2026-03-14
Kojevnikov,Database,5.0,2,2026-03-03
Kojevnikov,Database,3.0,2,2026-03-19
Kojevnikov,Evm,5.0,1,2026-01-15
Kojevnikov,Evm,5.0,1,2025-10-29
Kojevnikov,Evm,3.0,1,2025-10-28
Kojevnikov,Evm,4.0,1,2025-12-23
Kojevnikov,Evm,3.0,1,2025-09-03
Kojevnikov,Evm,4.0,1,2025-12-09
Kojevnikov,Evm,4.0,1,2025-12-27
Kojevnikov,Evm,3.0,1,2025-11-13
Kojevnikov,Evm,5.0,1,2025-12-21
Kojevnikov,Evm,5.0,1,2025-10-05
Kojevnikov,Evm,3.0,2,2026-04-22
Kojevnikov,Evm,4.0,2,2026-04-19
Kojevnikov,Evm,4.0,2,2026-04-09
Kojevnikov,Evm,4.0,2,2026-04-08
Kojevnikov,Evm,5.0,2,2026-02-20
Kojevnikov,Evm,5.0,2,2026-05-18
Kojevnikov,Evm,4.0,2,2026-05-10
Kojevnikov,Evm,3.0,2,2026-05-04
Kojevnikov,Evm,3.0,2,2026-05-03
Kojevnikov,Evm,4.0,2,2026-04-07
Kojevnikov,English,5.0,1,2025-09-08
Kojevnikov,English,4.0,1,2026-01-13
Kojevnikov,English,5.0,1,2025-10-27
Kojevnikov,English,3.0,1,2026-01-25
Kojevnikov,English,3.0,1,2025-11-26
Kojevnikov,English,5.0,1,2025-11-30
Kojevnikov,English,4.0,1,2026-01-07
Kojevnikov,English,5.0,1,2025-10-20
Kojevnikov,English,4.0,1,2026-01-17
Kojevnikov,English,5.0,1,2025-09-10
Kojevnikov,English,3.0,2,2026-05-18
Kojevnikov,English,5.0,2,2026-05-24
Kojevnikov,English,4.0,2,2026-03-27
Kojevnikov,English,4.0,2,2026-03-06
Kojevnikov,English,3.0,2,2026-03-17
Kojevnikov,English,4.0,2,2026-03-14
Kojevnikov,English,5.0,2,2026-05-17
Kojevnikov,English,5.0,2,2026-04-11
Kojevnikov,English,5.0,2,2026-04-24
Kojevnikov,English,3.0,2,2026-04-19
Kojevnikov,Russian,5.0,1,2025-09-25
Kojevnikov,Russian,5.0,1,2025-10-02
Kojevnikov,Russian,4.0,1,2025-11-26
Kojevnikov,Russian,5.0,1,2025-12-30
Kojevnikov,Russian,5.0,1,2025-11-08
Kojevnikov,Russian,3.0,1,2026-01-19
Kojevnikov,Russian,4.0,1,2025-10-31
Kojevnikov,Russian,5.0,1,2025-09-29
Kojevnikov,Russian,5.0,1,2025-11-13
Kojevnikov,Russian,5.0,1,2026-01-24
Kojevnikov,Russian,5.0,2,2026-03-13
Kojevnikov,Russian,3.0,2,2026-04-09
Kojevnikov,Russian,4.0,2,2026-03-29
Kojevnikov,Russian,4.0,2,2026-04-11
Kojevnikov,Russian,3.0,2,2026-04-29
Kojevnikov,Russian,5.0,2,2026-02-21
Kojevnikov,Russian,3.0,2,2026-05-02
Kojevnikov,Russian,5.0,2,2026-05-06
Kojevnikov,Russian,5.0,2,2026-03-29
Kojevnikov,Russian,3.0,2,2026-03-06
Kojevnikov,Bjd,5.0,1,2025-12-20
Kojevnikov,Bjd,4.0,1,2026-01-21
Kojevnikov,Bjd,4.0,1,2025-10-31
Kojevnikov,Bjd,5.0,1,2026-01-18
Kojevnikov,Bjd,4.0,1,2025-11-19
Kojevnikov,Bjd,4.0,1,2025-12-18
Kojevnikov,Bjd,3.0,1,2025-10-24
Kojevnikov,Bjd,3.0,1,2025-10-25
Kojevnikov,Bjd,5.0,1,2026-01-08
Kojevnikov,Bjd,3.0,1,2025-09-23
Kojevnikov,Bjd,4.0,2,2026-04-08
Kojevnikov,Bjd,5.0,2,2026-04-27
Kojevnikov,Bjd,4.0,2,2026-05-04
Kojevnikov,Bjd,5.0,2,2026-03-04
Kojevnikov,Bjd,5.0,2,2026-05-20
Kojevnikov,Bjd,3.0,2,2026-02-15
Kojevnikov,Bjd,3.0,2,2026-03-18
Kojevnikov,Bjd,5.0,2,2026-04-07
Kojevnikov,Bjd,3.0,2,2026-04-08
Kojevnikov,Bjd,5.0,2,2026-05-22
Krestov,Math,3.0,1,2025-09-13
Krestov,Math,4.0,1,2025-10-26
Krestov,Math,4.0,1,2025-12-29
Krestov,Math,5.0,1,2025-09-24
Krestov,Math,5.0,1,2025-10-01
Krestov,Math,3.0,1,2025-10-29
Krestov,Math,5.0,1,2026-01-17
Krestov,Math,3.0,1,2025-12-13
Krestov,Math,4.0,1,2025-12-13
Krestov,Math,5.0,1,2025-11-09
Krestov,Math,4.0,2,2026-04-19
Krestov,Math,4.0,2,2026-02-20
Krestov,Math,4.0,2,2026-02-25
Krestov,Math,4.0,2,2026-05-20
Krestov,Math,5.0,2,2026-03-02
Krestov,Math,4.0,2,2026-03-13
Krestov,Math,3.0,2,2026-03-10
Krestov,Math,3.0,2,2026-03-09
Krestov,Math,5.0,2,2026-04-23
Krestov,Math,5.0,2,2026-04-05
Krestov,Python,4.0,1,2025-10-06
Krestov,Python,5.0,1,2025-09-26
Krestov,Python,3.0,1,2025-09-22
Krestov,Python,5.0,1,2025-12-16
Krestov,Python,3.0,1,2025-12-02
Krestov,Python,3.0,1,2026-01-05
Krestov,Python,3.0,1,2025-11-19
Krestov,Python,4.0,1,2025-10-17
Krestov,Python,5.0,1,2025-12-11
Krestov,Python,3.0,1,2025-10-05
Krestov,Python,3.0,2,2026-05-19
Krestov,Python,3.0,2,2026-03-10
Krestov,Python,5.0,2,2026-05-10
Krestov,Python,3.0,2,2026-05-25
Krestov,Python,5.0,2,2026-04-23
Krestov,Python,4.0,2,2026-03-05
Krestov,Python,5.0,2,2026-05-12
Krestov,Python,4.0,2,2026-04-24
Krestov,Python,5.0,2,2026-04-03
Krestov,Python,4.0,2,2026-04-01
Krestov,Java,5.0,1,2025-11-16
Krestov,Java,3.0,1,2025-09-16
Krestov,Java,3.0,1,2025-12-13
Krestov,Java,5.0,1,2025-11-28
Krestov,Java,4.0,1,2026-01-05
Krestov,Java,4.0,1,2025-12-14
Krestov,Java,4.0,1,2025-10-31
Krestov,Java,4.0,1,2025-11-29
Krestov,Java,4.0,1,2025-10-11
Krestov,Java,4.0,1,2025-10-26
Krestov,Java,5.0,2,2026-03-01
Krestov,Java,4.0,2,2026-05-23
Krestov,Java,5.0,2,2026-02-18
Krestov,Java,4.0,2,2026-02-20
Krestov,Java,5.0,2,2026-03-06
Krestov,Java,3.0,2,2026-03-25
Krestov,Java,4.0,2,2026-04-05
Krestov,Java,5.0,2,2026-04-23
Krestov,Java,5.0,2,2026-03-09
Krestov,Java,4.0,2,2026-04-03
Krestov,Database,4.0,1,2025-09-22
Krestov,Database,4.0,1,2025-09-19
Krestov,Database,5.0,1,2026-01-12
Krestov,Database,4.0,1,2025-10-25
Krestov,Database,5.0,1,2025-12-17
Krestov,Database,3.0,1,2025-10-06
Krestov,Database,4.0,1,2026-01-22
Krestov,Database,5.0,1,2025-12-04
Krestov,Database,5.0,1,2025-12-22
Krestov,Database,3.0,1,2025-10-10
Krestov,Database,4.0,2,2026-04-29
Krestov,Database,4.0,2,2026-02-16
Krestov,Database,5.0,2,2026-04-21
Krestov,Database,3.0,2,2026-05-09
Krestov,Database,5.0,2,2026-02-25
Krestov,Database,3.0,2,2026-04-04
Krestov,Database,4.0,2,2026-05-24
Krestov,Database,3.0,2,2026-02-16
Krestov,Database,3.0,2,2026-02-28
Krestov,Database,4.0,2,2026-05-15
Krestov,Evm,5.0,1,2026-01-14
Krestov,Evm,3.0,1,2025-10-11
Krestov,Evm,3.0,1,2025-11-10
Krestov,Evm,5.0,1,2025-09-03
Krestov,Evm,5.0,1,2025-09-06
Krestov,Evm,3.0,1,2025-09-03
Krestov,Evm,4.0,1,2025-12-26
Krestov,Evm,3.0,1,2026-01-06
Krestov,Evm,4.0,1,2026-01-03
Krestov,Evm,3.0,1,2025-10-23
Krestov,Evm,5.0,2,2026-05-21
Krestov,Evm,3.0,2,2026-04-18
Krestov,Evm,4.0,2,2026-04-01
Krestov,Evm,5.0,2,2026-04-05
Krestov,Evm,4.0,2,2026-04-25
Krestov,Evm,5.0,2,2026-05-17
Krestov,Evm,3.0,2,2026-04-23
Krestov,Evm,3.0,2,2026-03-08
Krestov,Evm,3.0,2,2026-03-13
Krestov,Evm,5.0,2,2026-04-19
Krestov,English,4.0,1,2025-12-21
Krestov,English,5.0,1,2026-01-10
Krestov,English,3.0,1,2025-10-15
Krestov,English,4.0,1,2025-11-18
Krestov,English,5.0,1,2025-10-02
Krestov,English,5.0,1,2026-01-25
Krestov,English,5.0,1,2025-11-10
Krestov,English,3.0,1,2025-11-22
Krestov,English,4.0,1,2025-10-14
Krestov,English,3.0,1,2025-10-12
Krestov,English,5.0,2,2026-04-18
Krestov,English,5.0,2,2026-05-15
Krestov,English,3.0,2,2026-04-06
Krestov,English,4.0,2,2026-04-11
Krestov,English,4.0,2,2026-05-21
Krestov,English,5.0,2,2026-04-14
Krestov,English,4.0,2,2026-05-14
Krestov,English,4.0,2,2026-04-02
Krestov,English,5.0,2,2026-04-18
Krestov,English,4.0,2,2026-04-01
Krestov,Russian,5.0,1,2025-11-10
Krestov,Russian,5.0,1,2025-09-05
Krestov,Russian,4.0,1,2025-09-27
Krestov,Russian,5.0,1,2026-01-23
Krestov,Russian,5.0,1,2025-10-26
Krestov,Russian,3.0,1,2025-10-22
Krestov,Russian,4.0,1,2025-09-30
Krestov,Russian,3.0,1,2025-09-10
Krestov,Russian,4.0,1,2025-11-14
Krestov,Russian,4.0,1,2025-10-06
Krestov,Russian,3.0,2,2026-05-22
Krestov,Russian,5.0,2,2026-04-11
Krestov,Russian,3.0,2,2026-03-21
Krestov,Russian,5.0,2,2026-04-23
Krestov,Russian,3.0,2,2026-03-04
Krestov,Russian,4.0,2,2026-02-22
Krestov,Russian,5.0,2,2026-03-20
Krestov,Russian,4.0,2,2026-04-11
Krestov,Russian,3.0,2,2026-04-19
Krestov,Russian,3.0,2,2026-02-26
Krestov,Bjd,4.0,1,2025-09-17
Krestov,Bjd,3.0,1,2026-01-06
Krestov,Bjd,3.0,1,2025-11-01
Krestov,Bjd,3.0,1,2025-10-30
Krestov,Bjd,4.0,1,2026-01-07
Krestov,Bjd,3.0,1,2025-10-13
Krestov,Bjd,3.0,1,2025-11-30
Krestov,Bjd,4.0,1,2025-10-30
Krestov,Bjd,4.0,1,2025-09-24
Krestov,Bjd,5.0,1,2025-09-10
Krestov,Bjd,3.0,2,2026-05-25
Krestov,Bjd,3.0,2,2026-03-03
Krestov,Bjd,5.0,2,2026-04-01
Krestov,Bjd,4.0,2,2026-03-12
Krestov,Bjd,5.0,2,2026-02-25
Krestov,Bjd,4.0,2,2026-05-24
Krestov,Bjd,5.0,2,2026-04-28
Krestov,Bjd,5.0,2,2026-02-20
Krestov,Bjd,3.0,2,2026-02-22
Krestov,Bjd,5.0,2,2026-03-13
Kystov,Math,4.0,1,2025-10-27
Kystov,Math,3.0,1,2025-10-22
Kystov,Math,3.0,1,2025-12-29
Kystov,Math,3.0,1,2025-11-07
Kystov,Math,3.0,1,2025-11-10
Kystov,Math,5.0,1,2025-12-24
Kystov,Math,5.0,1,2025-10-09
Kystov,Math,3.0,1,2025-10-31
Kystov,Math,4.0,1,2025-09-26
Kystov,Math,5.0,1,2025-11-06
Kystov,Math,3.0,2,2026-02-16
Kystov,Math,3.0,2,2026-03-18
Kystov,Math,4.0,2,2026-05-25
Kystov,Math,4.0,2,2026-04-23
Kystov,Math,5.0,2,2026-05-16
Kystov,Math,4.0,2,2026-04-14
Kystov,Math,5.0,2,2026-05-13
Kystov,Math,5.0,2,2026-03-21
Kystov,Math,3.0,2,2026-03-03
Kystov,Math,5.0,2,2026-03-30
Kystov,Python,3.0,1,2025-12-19
Kystov,Python,5.0,1,2025-09-09
Kystov,Python,4.0,1,2025-11-17
Kystov,Python,3.0,1,2025-11-08
Kystov,Python,5.0,1,2025-12-14
Kystov,Python,4.0,1,2025-09-10
Kystov,Python,3.0,1,2025-10-31
Kystov,Python,3.0,1,2025-10-31
Kystov,Python,3.0,1,2026-01-14
Kystov,Python,4.0,1,2025-11-17
Kystov,Python,4.0,2,2026-04-07
Kystov,Python,5.0,2,2026-05-23
Kystov,Python,5.0,2,2026-05-12
Kystov,Python,3.0,2,2026-05-16
Kystov,Python,3.0,2,2026-04-03
Kystov,Python,3.0,2,2026-05-19
Kystov,Python,3.0,2,2026-04-28
Kystov,Python,4.0,2,2026-03-21
Kystov,Python,4.0,2,2026-05-01
Kystov,Python,4.0,2,2026-04-14
Kystov,Java,4.0,1,2025-12-27
Kystov,Java,3.0,1,2025-12-14
Kystov,Java,3.0,1,2025-11-12
Kystov,Java,4.0,1,2025-11-22
Kystov,Java,4.0,1,2025-10-22
Kystov,Java,5.0,1,2026-01-17
Kystov,Java,3.0,1,2025-09-08
Kystov,Java,4.0,1,2025-09-06
Kystov,Java,4.0,1,2025-11-08
Kystov,Java,3.0,1,2025-11-22
Kystov,Java,4.0,2,2026-04-27
Kystov,Java,5.0,2,2026-05-18
Kystov,Java,3.0,2,2026-02-23
Kystov,Java,4.0,2,2026-04-03
Kystov,Java,4.0,2,2026-03-28
Kystov,Java,4.0,2,2026-05-17
Kystov,Java,3.0,2,2026-03-13
Kystov,Java,5.0,2,2026-05-11
Kystov,Java,4.0,2,2026-02-21
Kystov,Java,5.0,2,2026-04-05
Kystov,Database,4.0,1,2025-10-10
Kystov,Database,4.0,1,2025-11-12
Kystov,Database,4.0,1,2025-11-29
Kystov,Database,3.0,1,2026-01-16
Kystov,Database,3.0,1,2026-01-05
Kystov,Database,5.0,1,2025-09-23
Kystov,Database,3.0,1,2025-12-23
Kystov,Database,3.0,1,2026-01-15
Kystov,Database,5.0,1,2025-09-08
Kystov,Database,3.0,1,2026-01-20
Kystov,Database,4.0,2,2026-02-23
Kystov,Database,5.0,2,2026-04-01
Kystov,Database,3.0,2,2026-03-01
Kystov,Database,3.0,2,2026-03-20
Kystov,Database,3.0,2,2026-04-07
Kystov,Database,5.0,2,2026-05-01
Kystov,Database,5.0,2,2026-03-15
Kystov,Database,5.0,2,2026-04-07
Kystov,Database,3.0,2,2026-03-26
Kystov,Database,4.0,2,2026-03-20
Kystov,Evm,5.0,1,2026-01-10
Kystov,Evm,5.0,1,2025-09-07
Kystov,Evm,5.0,1,2025-10-04
Kystov,Evm,5.0,1,2026-01-06
Kystov,Evm,5.0,1,2025-11-20
Kystov,Evm,3.0,1,2026-01-19
Kystov,Evm,3.0,1,2025-09-07
Kystov,Evm,5.0,1,2025-12-16
Kystov,Evm,5.0,1,2025-11-11
Kystov,Evm,3.0,1,2025-10-24
Kystov,Evm,3.0,2,2026-02-28
Kystov,Evm,3.0,2,2026-04-24
Kystov,Evm,5.0,2,2026-03-09
Kystov,Evm,4.0,2,2026-03-26
Kystov,Evm,4.0,2,2026-04-06
Kystov,Evm,5.0,2,2026-03-25
Kystov,Evm,3.0,2,2026-03-29
Kystov,Evm,5.0,2,2026-02-21
Kystov,Evm,4.0,2,2026-03-10
Kystov,Evm,4.0,2,2026-04-20
Kystov,English,3.0,1,2025-12-27
Kystov,English,4.0,1,2026-01-14
Kystov,English,4.0,1,2025-09-24
Kystov,English,5.0,1,2025-12-15
Kystov,English,3.0,1,2025-11-23
Kystov,English,3.0,1,2025-09-23
Kystov,English,4.0,1,2026-01-19
Kystov,English,4.0,1,2025-11-06
Kystov,English,4.0,1,2025-10-28
Kystov,English,3.0,1,2025-09-08
Kystov,English,3.0,2,2026-05-12
Kystov,English,3.0,2,2026-04-02
Kystov,English,5.0,2,2026-03-28
Kystov,English,4.0,2,2026-02-23
Kystov,English,3.0,2,2026-04-03
Kystov,English,3.0,2,2026-05-01
Kystov,English,5.0,2,2026-03-17
Kystov,English,5.0,2,2026-03-21
Kystov,English,5.0,2,2026-02-18
Kystov,English,4.0,2,2026-03-27
Kystov,Russian,4.0,1,2025-10-20
Kystov,Russian,4.0,1,2025-09-09
Kystov,Russian,5.0,1,2025-12-30
Kystov,Russian,5.0,1,2025-09-11
Kystov,Russian,3.0,1,2025-11-01
Kystov,Russian,5.0,1,2025-12-13
Kystov,Russian,5.0,1,2025-12-09
Kystov,Russian,5.0,1,2026-01-06
Kystov,Russian,5.0,1,2025-10-11
Kystov,Russian,5.0,1,2026-01-14
Kystov,Russian,3.0,2,2026-04-21
Kystov,Russian,3.0,2,2026-02-19
Kystov,Russian,5.0,2,2026-05-16
Kystov,Russian,4.0,2,2026-04-11
Kystov,Russian,3.0,2,2026-02-28
Kystov,Russian,5.0,2,2026-04-27
Kystov,Russian,5.0,2,2026-04-23
Kystov,Russian,4.0,2,2026-03-17
Kystov,Russian,4.0,2,2026-04-09
Kystov,Russian,3.0,2,2026-05-24
Kystov,Bjd,4.0,1,2025-10-02
Kystov,Bjd,4.0,1,2025-10-29
Kystov,Bjd,4.0,1,2025-10-20
Kystov,Bjd,4.0,1,2025-11-23
Kystov,Bjd,3.0,1,2026-01-03
Kystov,Bjd,4.0,1,2025-10-09
Kystov,Bjd,5.0,1,2026-01-13
Kystov,Bjd,5.0,1,2025-11-18
Kystov,Bjd,5.0,1,2025-12-13
Kystov,Bjd,4.0,1,2025-09-22
Kystov,Bjd,5.0,2,2026-05-24
Kystov,Bjd,4.0,2,2026-03-31
Kystov,Bjd,3.0,2,2026-04-18
Kystov,Bjd,5.0,2,2026-05-19
Kystov,Bjd,5.0,2,2026-04-30
Kystov,Bjd,5.0,2,2026-03-06
Kystov,Bjd,5.0,2,2026-02-15
Kystov,Bjd,3.0,2,2026-02-24
Kystov,Bjd,5.0,2,2026-03-12
Kystov,Bjd,5.0,2,2026-04-16
Letynov,Math,4.0,1,2025-10-19
Letynov,Math,3.0,1,2025-10-17
Letynov,Math,4.0,1,2025-10-18
Letynov,Math,3.0,1,2026-01-22
Letynov,Math,4.0,1,2026-01-21
Letynov,Math,4.0,1,2025-10-31
Letynov,Math,3.0,1,2025-10-29
Letynov,Math,5.0,1,2025-12-12
Letynov,Math,4.0,1,2025-10-07
Letynov,Math,3.0,1,2025-11-27
Letynov,Math,3.0,2,2026-03-13
Letynov,Math,4.0,2,2026-04-26
Letynov,Math,3.0,2,2026-02-27
Letynov,Math,5.0,2,2026-03-16
Letynov,Math,3.0,2,2026-04-21
Letynov,Math,3.0,2,2026-04-25
Letynov,Math,5.0,2,2026-02-22
Letynov,Math,4.0,2,2026-03-01
Letynov,Math,5.0,2,2026-04-05
Letynov,Math,3.0,2,2026-03-11
Letynov,Python,3.0,1,2026-01-08
Letynov,Python,3.0,1,2025-11-11
Letynov,Python,5.0,1,2026-01-24
Letynov,Python,4.0,1,2025-12-01
Letynov,Python,4.0,1,2025-12-30
Letynov,Python,4.0,1,2025-11-20
Letynov,Python,3.0,1,2025-09-11
Letynov,Python,3.0,1,2026-01-15
Letynov,Python,3.0,1,2026-01-16
Letynov,Python,5.0,1,2025-12-12
Letynov,Python,3.0,2,2026-05-11
Letynov,Python,3.0,2,2026-04-04
Letynov,Python,4.0,2,2026-05-25
Letynov,Python,3.0,2,2026-05-20
Letynov,Python,5.0,2,2026-02-27
Letynov,Python,4.0,2,2026-03-15
Letynov,Python,4.0,2,2026-02-28
Letynov,Python,3.0,2,2026-04-21
Letynov,Python,4.0,2,2026-04-25
Letynov,Python,5.0,2,2026-03-19
Letynov,Java,4.0,1,2026-01-19
Letynov,Java,4.0,1,2025-09-05
Letynov,Java,4.0,1,2025-11-12
Letynov,Java,4.0,1,2025-12-07
Letynov,Java,5.0,1,2025-11-07
Letynov,Java,5.0,1,2025-11-29
Letynov,Java,4.0,1,2025-11-30
Letynov,Java,3.0,1,2025-12-30
Letynov,Java,4.0,1,2025-10-02
Letynov,Java,3.0,1,2025-09-10
Letynov,Java,3.0,2,2026-03-20
Letynov,Java,4.0,2,2026-05-14
Letynov,Java,4.0,2,2026-04-08
Letynov,Java,3.0,2,2026-03-27
Letynov,Java,5.0,2,2026-02-27
Letynov,Java,4.0,2,2026-04-04
Letynov,Java,3.0,2,2026-05-24
Letynov,Java,3.0,2,2026-04-14
Letynov,Java,4.0,2,2026-04-11
Letynov,Java,3.0,2,2026-03-17
Letynov,Database,3.0,1,2025-10-21
Letynov,Database,4.0,1,2025-11-17
Letynov,Database,3.0,1,2025-12-09
Letynov,Database,5.0,1,2025-10-22
Letynov,Database,3.0,1,2025-10-08
Letynov,Database,5.0,1,2025-10-10
Letynov,Database,5.0,1,2025-12-17
Letynov,Database,4.0,1,2026-01-20
Letynov,Database,5.0,1,2025-12-20
Letynov,Database,5.0,1,2025-12-20
Letynov,Database,4.0,2,2026-04-22
Letynov,Database,5.0,2,2026-05-04
Letynov,Database,4.0,2,2026-04-15
Letynov,Database,5.0,2,2026-03-13
Letynov,Database,3.0,2,2026-05-13
Letynov,Database,5.0,2,2026-02-23
Letynov,Database,4.0,2,2026-03-30
Letynov,Database,5.0,2,2026-03-26
Letynov,Database,3.0,2,2026-04-17
Letynov,Database,5.0,2,2026-04-25
Letynov,Evm,5.0,1,2025-11-06
Letynov,Evm,4.0,1,2025-12-20
Letynov,Evm,5.0,1,2026-01-18
Letynov,Evm,4.0,1,2025-12-04
Letynov,Evm,3.0,1,2025-12-02
Letynov,Evm,3.0,1,2025-10-18
Letynov,Evm,4.0,1,2025-10-30
Letynov,Evm,5.0,1,2025-11-12
Letynov,Evm,4.0,1,2026-01-13
Letynov,Evm,5.0,1,2025-12-19
Letynov,Evm,5.0,2,2026-03-22
Letynov,Evm,5.0,2,2026-03-21
Letynov,Evm,3.0,2,2026-02-16
Letynov,Evm,5.0,2,2026-05-21
Letynov,Evm,3.0,2,2026-02-19
Letynov,Evm,4.0,2,2026-05-25
Letynov,Evm,5.0,2,2026-03-27
Letynov,Evm,4.0,2,2026-05-02
Letynov,Evm,4.0,2,2026-03-12
Letynov,Evm,4.0,2,2026-04-05
Letynov,English,2.0,1,2025-09-24
Letynov,English,2.0,1,2025-09-10
Letynov,English,2.0,1,2025-09-03
Letynov,English,2.0,1,2025-09-20
Letynov,English,2.0,1,2025-11-22
Letynov,English,2.0,1,2025-10-11
Letynov,English,2.0,1,2025-12-04
Letynov,English,2.0,1,2025-12-25
Letynov,English,2.0,1,2025-09-19
Letynov,English,2.0,1,2025-10-11
Letynov,English,2.0,2,2026-03-12
Letynov,English,2.0,2,2026-03-02
Letynov,English,2.0,2,2026-03-02
Letynov,English,2.0,2,2026-05-06
Letynov,English,2.0,2,2026-02-25
Letynov,English,2.0,2,2026-04-25
Letynov,English,2.0,2,2026-04-06
Letynov,English,2.0,2,2026-04-24
Letynov,English,2.0,2,2026-03-19
Letynov,English,2.0,2,2026-02-17
Letynov,Russian,3.0,1,2025-09-30
Letynov,Russian,3.0,1,2025-11-16
Letynov,Russian,3.0,1,2025-10-24
Letynov,Russian,3.0,1,2026-01-15
Letynov,Russian,5.0,1,2025-09-02
Letynov,Russian,5.0,1,2025-10-14
Letynov,Russian,3.0,1,2026-01-10
Letynov,Russian,4.0,1,2025-11-05
Letynov,Russian,3.0,1,2026-01-19
Letynov,Russian,3.0,1,2025-12-06
Letynov,Russian,5.0,2,2026-05-01
Letynov,Russian,5.0,2,2026-03-24
Letynov,Russian,5.0,2,2026-03-25
Letynov,Russian,3.0,2,2026-03-31
Letynov,Russian,3.0,2,2026-03-23
Letynov,Russian,3.0,2,2026-04-13
Letynov,Russian,3.0,2,2026-03-21
Letynov,Russian,3.0,2,2026-05-20
Letynov,Russian,5.0,2,2026-03-22
Letynov,Russian,3.0,2,2026-05-25
Letynov,Bjd,4.0,1,2025-12-14
Letynov,Bjd,4.0,1,2025-12-24
Letynov,Bjd,5.0,1,2026-01-03
Letynov,Bjd,5.0,1,2026-01-25
Letynov,Bjd,3.0,1,2026-01-03
Letynov,Bjd,5.0,1,2025-10-11
Letynov,Bjd,5.0,1,2025-09-28
Letynov,Bjd,4.0,1,2025-11-13
Letynov,Bjd,3.0,1,2025-12-18
Letynov,Bjd,4.0,1,2025-11-13
Letynov,Bjd,5.0,2,2026-03-25
Letynov,Bjd,4.0,2,2026-04-10
Letynov,Bjd,5.0,2,2026-03-23
Letynov,Bjd,4.0,2,2026-04-03
Letynov,Bjd,4.0,2,2026-04-26
Letynov,Bjd,5.0,2,2026-02-22
Letynov,Bjd,5.0,2,2026-05-04
Letynov,Bjd,3.0,2,2026-04-21
Letynov,Bjd,3.0,2,2026-04-06
Letynov,Bjd,4.0,2,2026-05-25
Novoselov,Math,4.0,1,2025-11-10
Novoselov,Math,3.0,1,2025-12-02
Novoselov,Math,4.0,1,2025-12-17
Novoselov,Math,5.0,1,2025-09-01
Novoselov,Math,4.0,1,2025-09-02
Novoselov,Math,5.0,1,2025-10-05
Novoselov,Math,3.0,1,2025-12-18
Novoselov,Math,4.0,1,2026-01-07
Novoselov,Math,3.0,1,2025-12-25
Novoselov,Math,5.0,1,2025-11-07
Novoselov,Math,5.0,2,2026-03-19
Novoselov,Math,3.0,2,2026-04-09
Novoselov,Math,4.0,2,2026-02-15
Novoselov,Math,3.0,2,2026-04-02
Novoselov,Math,3.0,2,2026-02-26
Novoselov,Math,4.0,2,2026-04-23
Novoselov,Math,3.0,2,2026-04-15
Novoselov,Math,4.0,2,2026-03-21
Novoselov,Math,3.0,2,2026-03-31
Novoselov,Math,5.0,2,2026-04-24
Novoselov,Python,3.0,1,2026-01-02
Novoselov,Python,4.0,1,2025-12-12
Novoselov,Python,5.0,1,2025-12-02
Novoselov,Python,5.0,1,2025-10-27
Novoselov,Python,5.0,1,2025-12-19
Novoselov,Python,5.0,1,2025-10-06
Novoselov,Python,5.0,1,2025-09-24
Novoselov,Python,3.0,1,2025-09-23
Novoselov,Python,3.0,1,2025-12-08
Novoselov,Python,5.0,1,2025-10-22
Novoselov,Python,5.0,2,2026-03-13
Novoselov,Python,4.0,2,2026-04-23
Novoselov,Python,3.0,2,2026-03-20
Novoselov,Python,5.0,2,2026-02-18
Novoselov,Python,4.0,2,2026-04-04
Novoselov,Python,5.0,2,2026-03-15
Novoselov,Python,5.0,2,2026-04-23
Novoselov,Python,5.0,2,2026-03-01
Novoselov,Python,3.0,2,2026-04-08
Novoselov,Python,3.0,2,2026-05-18
Novoselov,Java,4.0,1,2025-12-15
Novoselov,Java,4.0,1,2026-01-09
Novoselov,Java,4.0,1,2026-01-13
Novoselov,Java,5.0,1,2025-11-22
Novoselov,Java,4.0,1,2025-10-29
Novoselov,Java,4.0,1,2025-10-24
Novoselov,Java,5.0,1,2025-11-30
Novoselov,Java,5.0,1,2025-09-09
Novoselov,Java,3.0,1,2025-09-17
Novoselov,Java,3.0,1,2025-12-24
Novoselov,Java,5.0,2,2026-04-23
Novoselov,Java,5.0,2,2026-03-12
Novoselov,Java,5.0,2,2026-04-30
Novoselov,Java,3.0,2,2026-03-20
Novoselov,Java,3.0,2,2026-02-27
Novoselov,Java,5.0,2,2026-04-27
Novoselov,Java,3.0,2,2026-04-14
Novoselov,Java,4.0,2,2026-02-20
Novoselov,Java,5.0,2,2026-03-31
Novoselov,Java,3.0,2,2026-02-19
Novoselov,Database,4.0,1,2025-10-23
Novoselov,Database,3.0,1,2025-10-29
Novoselov,Database,3.0,1,2025-10-27
Novoselov,Database,3.0,1,2025-11-16
Novoselov,Database,3.0,1,2025-12-22
Novoselov,Database,4.0,1,2025-11-04
Novoselov,Database,3.0,1,2025-10-04
Novoselov,Database,3.0,1,2025-11-28
Novoselov,Database,4.0,1,2025-12-11
Novoselov,Database,5.0,1,2025-12-12
Novoselov,Database,4.0,2,2026-05-23
Novoselov,Database,4.0,2,2026-05-04
Novoselov,Database,4.0,2,2026-05-20
Novoselov,Database,3.0,2,2026-04-07
Novoselov,Database,5.0,2,2026-05-19
Novoselov,Database,4.0,2,2026-05-24
Novoselov,Database,5.0,2,2026-04-16
Novoselov,Database,4.0,2,2026-03-14
Novoselov,Database,3.0,2,2026-02-16
Novoselov,Database,3.0,2,2026-02-25
Novoselov,Evm,3.0,1,2025-09-13
Novoselov,Evm,4.0,1,2025-11-20
Novoselov,Evm,4.0,1,2025-10-27
Novoselov,Evm,4.0,1,2025-09-29
Novoselov,Evm,5.0,1,2025-10-13
Novoselov,Evm,3.0,1,2025-11-04
Novoselov,Evm,5.0,1,2025-12-29
Novoselov,Evm,4.0,1,2025-12-02
Novoselov,Evm,5.0,1,2025-09-13
Novoselov,Evm,5.0,1,2026-01-12
Novoselov,Evm,5.0,2,2026-02-18
Novoselov,Evm,3.0,2,2026-05-07
Novoselov,Evm,3.0,2,2026-04-02
Novoselov,Evm,3.0,2,2026-04-16
Novoselov,Evm,4.0,2,2026-03-12
Novoselov,Evm,4.0,2,2026-05-11
Novoselov,Evm,3.0,2,2026-03-29
Novoselov,Evm,5.0,2,2026-04-19
Novoselov,Evm,3.0,2,2026-04-18
Novoselov,Evm,3.0,2,2026-03-30
Novoselov,English,2.0,1,2026-01-17
Novoselov,English,2.0,1,2025-09-12
Novoselov,English,25.0,1,2025-09-26
Novoselov,English,.0,1,2025-09-18
Novoselov,English,2.0,1,2025-12-27
Novoselov,English,2.0,1,2025-11-20
Novoselov,English,2.0,1,2025-12-15
Novoselov,English,2.0,1,2025-11-18
Novoselov,English,2.0,1,2025-12-16
Novoselov,English,2.0,1,2025-10-11
Novoselov,English,2.0,2,2026-04-09
Novoselov,English,2.0,2,2026-05-24
Novoselov,English,2.0,2,2026-03-15
Novoselov,English,2.0,2,2026-05-06
Novoselov,English,2.0,2,2026-03-27
Novoselov,English,2.0,2,2026-05-19
Novoselov,English,2.0,2,2026-02-17
Novoselov,English,2.0,2,2026-03-05
Novoselov,English,2.0,2,2026-03-13
Novoselov,English,2.0,2,2026-05-24
Novoselov,Russian,4.0,1,2025-11-28
Novoselov,Russian,3.0,1,2025-12-31
Novoselov,Russian,3.0,1,2025-12-03
Novoselov,Russian,3.0,1,2025-11-02
Novoselov,Russian,3.0,1,2026-01-20
Novoselov,Russian,5.0,1,2025-11-10
Novoselov,Russian,5.0,1,2025-12-04
Novoselov,Russian,5.0,1,2025-10-20
Novoselov,Russian,3.0,1,2025-12-20
Novoselov,Russian,4.0,1,2025-09-18
Novoselov,Russian,3.0,2,2026-03-22
Novoselov,Russian,5.0,2,2026-03-17
Novoselov,Russian,4.0,2,2026-05-21
Novoselov,Russian,3.0,2,2026-05-24
Novoselov,Russian,3.0,2,2026-03-23
Novoselov,Russian,5.0,2,2026-02-28
Novoselov,Russian,3.0,2,2026-03-05
Novoselov,Russian,3.0,2,2026-02-18
Novoselov,Russian,5.0,2,2026-04-18
Novoselov,Russian,3.0,2,2026-02-21
Novoselov,Bjd,5.0,1,2025-11-27
Novoselov,Bjd,4.0,1,2025-10-04
Novoselov,Bjd,4.0,1,2025-09-05
Novoselov,Bjd,3.0,1,2025-09-16
Novoselov,Bjd,3.0,1,2026-01-01
Novoselov,Bjd,3.0,1,2025-09-16
Novoselov,Bjd,4.0,1,2025-11-02
Novoselov,Bjd,5.0,1,2026-01-16
Novoselov,Bjd,4.0,1,2025-12-10
Novoselov,Bjd,3.0,1,2025-09-28
Novoselov,Bjd,4.0,2,2026-04-21
Novoselov,Bjd,4.0,2,2026-05-03
Novoselov,Bjd,4.0,2,2026-03-14
Novoselov,Bjd,3.0,2,2026-04-12
Novoselov,Bjd,3.0,2,2026-05-05
Novoselov,Bjd,3.0,2,2026-04-19
Novoselov,Bjd,5.0,2,2026-03-20
Novoselov,Bjd,3.0,2,2026-05-01
Novoselov,Bjd,4.0,2,2026-03-31
Novoselov,Bjd,4.0,2,2026-04-15
Ojigov,Math,4.0,1,2025-09-18
Ojigov,Math,3.0,1,2025-12-29
Ojigov,Math,4.0,1,2025-12-01
Ojigov,Math,5.0,1,2025-11-08
Ojigov,Math,4.0,1,2025-12-02
Ojigov,Math,4.0,1,2026-01-14
Ojigov,Math,5.0,1,2025-09-23
Ojigov,Math,4.0,1,2025-10-09
Ojigov,Math,4.0,1,2025-09-14
Ojigov,Math,4.0,1,2025-10-10
Ojigov,Math,4.0,2,2026-03-17
Ojigov,Math,4.0,2,2026-04-09
Ojigov,Math,5.0,2,2026-05-18
Ojigov,Math,5.0,2,2026-03-06
Ojigov,Math,3.0,2,2026-03-03
Ojigov,Math,3.0,2,2026-05-19
Ojigov,Math,3.0,2,2026-04-25
Ojigov,Math,5.0,2,2026-05-08
Ojigov,Math,4.0,2,2026-05-19
Ojigov,Math,5.0,2,2026-05-22
Ojigov,Python,3.0,1,2026-01-23
Ojigov,Python,5.0,1,2025-10-18
Ojigov,Python,4.0,1,2025-10-02
Ojigov,Python,5.0,1,2025-11-26
Ojigov,Python,3.0,1,2025-12-29
Ojigov,Python,5.0,1,2026-01-21
Ojigov,Python,4.0,1,2026-01-12
Ojigov,Python,5.0,1,2025-09-15
Ojigov,Python,5.0,1,2025-11-16
Ojigov,Python,5.0,1,2025-09-18
Ojigov,Python,3.0,2,2026-03-27
Ojigov,Python,3.0,2,2026-03-25
Ojigov,Python,3.0,2,2026-05-24
Ojigov,Python,4.0,2,2026-02-17
Ojigov,Python,4.0,2,2026-02-16
Ojigov,Python,4.0,2,2026-04-23
Ojigov,Python,5.0,2,2026-04-23
Ojigov,Python,3.0,2,2026-04-14
Ojigov,Python,5.0,2,2026-04-16
Ojigov,Python,5.0,2,2026-05-19
Ojigov,Java,5.0,1,2025-11-14
Ojigov,Java,5.0,1,2026-01-09
Ojigov,Java,5.0,1,2026-01-02
Ojigov,Java,4.0,1,2025-12-28
Ojigov,Java,4.0,1,2025-12-16
Ojigov,Java,3.0,1,2025-09-04
Ojigov,Java,5.0,1,2025-09-17
Ojigov,Java,3.0,1,2025-10-29
Ojigov,Java,3.0,1,2025-09-03
Ojigov,Java,5.0,1,2025-10-07
Ojigov,Java,3.0,2,2026-03-09
Ojigov,Java,4.0,2,2026-03-25
Ojigov,Java,5.0,2,2026-04-10
Ojigov,Java,3.0,2,2026-03-23
Ojigov,Java,3.0,2,2026-03-26
Ojigov,Java,5.0,2,2026-04-24
Ojigov,Java,3.0,2,2026-04-18
Ojigov,Java,5.0,2,2026-04-22
Ojigov,Java,5.0,2,2026-04-04
Ojigov,Java,4.0,2,2026-04-29
Ojigov,Database,4.0,1,2026-01-08
Ojigov,Database,5.0,1,2025-09-15
Ojigov,Database,3.0,1,2025-11-01
Ojigov,Database,4.0,1,2025-12-19
Ojigov,Database,4.0,1,2025-11-30
Ojigov,Database,3.0,1,2025-12-24
Ojigov,Database,4.0,1,2025-12-05
Ojigov,Database,4.0,1,2025-10-01
Ojigov,Database,5.0,1,2025-10-31
Ojigov,Database,5.0,1,2025-12-18
Ojigov,Database,5.0,2,2026-05-10
Ojigov,Database,3.0,2,2026-05-15
Ojigov,Database,4.0,2,2026-03-26
Ojigov,Database,5.0,2,2026-04-15
Ojigov,Database,4.0,2,2026-02-26
Ojigov,Database,3.0,2,2026-05-22
Ojigov,Database,5.0,2,2026-05-18
Ojigov,Database,3.0,2,2026-02-21
Ojigov,Database,4.0,2,2026-03-09
Ojigov,Database,4.0,2,2026-04-26
Ojigov,Evm,2.0,1,2025-10-03
Ojigov,Evm,3.0,1,2025-09-25
Ojigov,Evm,2.0,1,2026-01-11
Ojigov,Evm,2.0,1,2025-10-31
Ojigov,Evm,2.0,1,2025-09-20
Ojigov,Evm,4.0,1,2026-01-03
Ojigov,Evm,4.0,1,2025-12-27
Ojigov,Evm,3.0,1,2025-10-23
Ojigov,Evm,3.0,1,2025-11-04
Ojigov,Evm,3.0,1,2025-11-06
Ojigov,Evm,2.0,2,2026-03-25
Ojigov,Evm,2.0,2,2026-04-12
Ojigov,Evm,3.0,2,2026-04-27
Ojigov,Evm,3.0,2,2026-05-09
Ojigov,Evm,3.0,2,2026-04-02
Ojigov,Evm,5.0,2,2026-03-03
Ojigov,Evm,3.0,2,2026-05-10
Ojigov,Evm,2.0,2,2026-05-13
Ojigov,Evm,3.0,2,2026-03-20
Ojigov,Evm,3.0,2,2026-04-03
Ojigov,English,2.0,1,2025-12-10
Ojigov,English,2.0,1,2025-12-30
Ojigov,English,2.0,1,2025-12-20
Ojigov,English,2.0,1,2025-11-17
Ojigov,English,2.0,1,2025-10-27
Ojigov,English,2.0,1,2025-10-09
Ojigov,English,2.0,1,2025-11-14
Ojigov,English,2.0,1,2025-09-05
Ojigov,English,2.0,1,2025-12-17
Ojigov,English,2.0,1,2025-09-24
Ojigov,English,2.0,2,2026-03-06
Ojigov,English,2.0,2,2026-04-16
Ojigov,English,2.0,2,2026-03-15
Ojigov,English,2.0,2,2026-03-23
Ojigov,English,2.0,2,2026-04-29
Ojigov,English,2.0,2,2026-05-03
Ojigov,English,2.0,2,2026-05-16
Ojigov,English,2.0,2,2026-04-16
Ojigov,English,2.0,2,2026-04-09
Ojigov,English,2.0,2,2026-04-09
Ojigov,Russian,4.0,1,2025-09-15
Ojigov,Russian,3.0,1,2026-01-10
Ojigov,Russian,3.0,1,2025-11-24
Ojigov,Russian,3.0,1,2025-11-30
Ojigov,Russian,4.0,1,2025-09-15
Ojigov,Russian,5.0,1,2026-01-01
Ojigov,Russian,5.0,1,2026-01-19
Ojigov,Russian,3.0,1,2025-09-14
Ojigov,Russian,4.0,1,2025-11-29
Ojigov,Russian,4.0,1,2025-11-18
Ojigov,Russian,4.0,2,2026-04-04
Ojigov,Russian,4.0,2,2026-02-16
Ojigov,Russian,5.0,2,2026-03-01
Ojigov,Russian,5.0,2,2026-05-06
Ojigov,Russian,5.0,2,2026-04-27
Ojigov,Russian,5.0,2,2026-02-21
Ojigov,Russian,3.0,2,2026-04-02
Ojigov,Russian,3.0,2,2026-03-10
Ojigov,Russian,3.0,2,2026-04-21
Ojigov,Russian,3.0,2,2026-04-04
Ojigov,Bjd,5.0,1,2025-10-25
Ojigov,Bjd,4.0,1,2026-01-24
Ojigov,Bjd,5.0,1,2025-09-20
Ojigov,Bjd,4.0,1,2025-11-24
Ojigov,Bjd,4.0,1,2025-11-05
Ojigov,Bjd,3.0,1,2025-12-12
Ojigov,Bjd,5.0,1,2025-11-06
Ojigov,Bjd,3.0,1,2025-09-06
Ojigov,Bjd,3.0,1,2025-09-21
Ojigov,Bjd,4.0,1,2025-11-13
Ojigov,Bjd,4.0,2,2026-03-21
Ojigov,Bjd,4.0,2,2026-03-31
Ojigov,Bjd,3.0,2,2026-04-21
Ojigov,Bjd,3.0,2,2026-04-12
Ojigov,Bjd,5.0,2,2026-04-22
Ojigov,Bjd,3.0,2,2026-03-15
Ojigov,Bjd,4.0,2,2026-04-14
Ojigov,Bjd,5.0,2,2026-04-03
Ojigov,Bjd,4.0,2,2026-04-07
Ojigov,Bjd,3.0,2,2026-04-04
Pinchuk,Math,3.0,1,2026-01-08
Pinchuk,Math,3.0,1,2025-12-09
Pinchuk,Math,5.0,1,2025-11-18
Pinchuk,Math,4.0,1,2025-10-12
Pinchuk,Math,3.0,1,2026-01-16
Pinchuk,Math,3.0,1,2025-10-16
Pinchuk,Math,5.0,1,2025-11-20
Pinchuk,Math,4.0,1,2025-09-28
Pinchuk,Math,3.0,1,2025-09-01
Pinchuk,Math,4.0,1,2025-12-10
Pinchuk,Math,3.0,2,2026-02-26
Pinchuk,Math,4.0,2,2026-03-21
Pinchuk,Math,3.0,2,2026-02-26
Pinchuk,Math,4.0,2,2026-05-13
Pinchuk,Math,3.0,2,2026-03-09
Pinchuk,Math,3.0,2,2026-02-26
Pinchuk,Math,3.0,2,2026-03-15
Pinchuk,Math,5.0,2,2026-05-14
Pinchuk,Math,3.0,2,2026-02-17
Pinchuk,Math,3.0,2,2026-02-24
Pinchuk,Python,4.0,1,2025-09-18
Pinchuk,Python,4.0,1,2025-09-12
Pinchuk,Python,3.0,1,2026-01-19
Pinchuk,Python,4.0,1,2025-09-16
Pinchuk,Python,4.0,1,2025-12-08
Pinchuk,Python,4.0,1,2026-01-03
Pinchuk,Python,5.0,1,2025-09-22
Pinchuk,Python,4.0,1,2025-12-11
Pinchuk,Python,4.0,1,2025-11-20
Pinchuk,Python,4.0,1,2026-01-18
Pinchuk,Python,4.0,2,2026-04-18
Pinchuk,Python,4.0,2,2026-03-10
Pinchuk,Python,3.0,2,2026-04-11
Pinchuk,Python,5.0,2,2026-02-18
Pinchuk,Python,4.0,2,2026-03-14
Pinchuk,Python,3.0,2,2026-04-29
Pinchuk,Python,4.0,2,2026-03-18
Pinchuk,Python,3.0,2,2026-02-19
Pinchuk,Python,3.0,2,2026-03-01
Pinchuk,Python,5.0,2,2026-04-16
Pinchuk,Java,5.0,1,2025-12-27
Pinchuk,Java,3.0,1,2025-11-02
Pinchuk,Java,3.0,1,2025-10-31
Pinchuk,Java,5.0,1,2025-10-16
Pinchuk,Java,5.0,1,2025-12-24
Pinchuk,Java,4.0,1,2025-12-11
Pinchuk,Java,4.0,1,2026-01-24
Pinchuk,Java,3.0,1,2025-12-24
Pinchuk,Java,4.0,1,2025-12-02
Pinchuk,Java,5.0,1,2026-01-08
Pinchuk,Java,4.0,2,2026-02-25
Pinchuk,Java,4.0,2,2026-05-16
Pinchuk,Java,5.0,2,2026-05-02
Pinchuk,Java,4.0,2,2026-02-24
Pinchuk,Java,4.0,2,2026-03-05
Pinchuk,Java,3.0,2,2026-04-06
Pinchuk,Java,5.0,2,2026-04-25
Pinchuk,Java,5.0,2,2026-05-09
Pinchuk,Java,5.0,2,2026-04-21
Pinchuk,Java,5.0,2,2026-04-09
Pinchuk,Database,5.0,1,2025-11-15
Pinchuk,Database,5.0,1,2026-01-19
Pinchuk,Database,3.0,1,2026-01-25
Pinchuk,Database,4.0,1,2025-12-30
Pinchuk,Database,4.0,1,2026-01-16
Pinchuk,Database,3.0,1,2025-11-21
Pinchuk,Database,4.0,1,2025-12-30
Pinchuk,Database,3.0,1,2025-11-29
Pinchuk,Database,5.0,1,2025-12-13
Pinchuk,Database,4.0,1,2025-12-18
Pinchuk,Database,3.0,2,2026-05-25
Pinchuk,Database,3.0,2,2026-04-26
Pinchuk,Database,4.0,2,2026-04-20
Pinchuk,Database,4.0,2,2026-04-28
Pinchuk,Database,3.0,2,2026-03-30
Pinchuk,Database,5.0,2,2026-04-29
Pinchuk,Database,4.0,2,2026-05-18
Pinchuk,Database,5.0,2,2026-03-05
Pinchuk,Database,5.0,2,2026-03-06
Pinchuk,Database,5.0,2,2026-04-11
Pinchuk,Evm,3.0,1,2025-11-01
Pinchuk,Evm,3.0,1,2025-11-15
Pinchuk,Evm,3.0,1,2025-09-27
Pinchuk,Evm,3.0,1,2025-09-28
Pinchuk,Evm,3.0,1,2025-09-15
Pinchuk,Evm,5.0,1,2025-10-30
Pinchuk,Evm,3.0,1,2025-09-28
Pinchuk,Evm,4.0,1,2025-12-16
Pinchuk,Evm,3.0,1,2025-11-27
Pinchuk,Evm,3.0,1,2025-10-26
Pinchuk,Evm,5.0,2,2026-05-24
Pinchuk,Evm,5.0,2,2026-05-03
Pinchuk,Evm,5.0,2,2026-05-06
Pinchuk,Evm,4.0,2,2026-03-31
Pinchuk,Evm,3.0,2,2026-02-28
Pinchuk,Evm,4.0,2,2026-03-17
Pinchuk,Evm,5.0,2,2026-03-17
Pinchuk,Evm,4.0,2,2026-03-31
Pinchuk,Evm,4.0,2,2026-03-11
Pinchuk,Evm,5.0,2,2026-02-21
Pinchuk,English,2.0,1,2025-10-12
Pinchuk,English,2.0,1,2025-11-01
Pinchuk,English,2.0,1,2025-09-10
Pinchuk,English,2.0,1,2026-01-12
Pinchuk,English,2.0,1,2025-10-22
Pinchuk,English,2.0,1,2026-01-15
Pinchuk,English,2.0,1,2025-10-13
Pinchuk,English,2.0,1,2025-12-27
Pinchuk,English,2.0,1,2025-10-21
Pinchuk,English,2.0,1,2026-01-21
Pinchuk,English,2.0,2,2026-03-02
Pinchuk,English,2.0,2,2026-04-09
Pinchuk,English,2.0,2,2026-05-21
Pinchuk,English,2.0,2,2026-04-09
Pinchuk,English,2.0,2,2026-04-07
Pinchuk,English,2.0,2,2026-02-27
Pinchuk,English,2.0,2,2026-04-08
Pinchuk,English,2.0,2,2026-04-23
Pinchuk,English,2.0,2,2026-03-08
Pinchuk,English,2.0,2,2026-05-21
Pinchuk,Russian,3.0,1,2025-11-11
Pinchuk,Russian,4.0,1,2025-09-01
Pinchuk,Russian,4.0,1,2026-01-10
Pinchuk,Russian,4.0,1,2025-10-22
Pinchuk,Russian,4.0,1,2026-01-11
Pinchuk,Russian,3.0,1,2025-10-13
Pinchuk,Russian,4.0,1,2025-10-12
Pinchuk,Russian,3.0,1,2025-11-13
Pinchuk,Russian,3.0,1,2026-01-15
Pinchuk,Russian,3.0,1,2025-12-10
Pinchuk,Russian,5.0,2,2026-04-19
Pinchuk,Russian,3.0,2,2026-03-17
Pinchuk,Russian,3.0,2,2026-02-16
Pinchuk,Russian,5.0,2,2026-05-14
Pinchuk,Russian,5.0,2,2026-04-19
Pinchuk,Russian,3.0,2,2026-03-08
Pinchuk,Russian,5.0,2,2026-04-24
Pinchuk,Russian,3.0,2,2026-02-15
Pinchuk,Russian,4.0,2,2026-03-01
Pinchuk,Russian,3.0,2,2026-05-02
Pinchuk,Bjd,3.0,1,2025-10-01
Pinchuk,Bjd,5.0,1,2026-01-18
Pinchuk,Bjd,5.0,1,2026-01-05
Pinchuk,Bjd,3.0,1,2025-11-27
Pinchuk,Bjd,3.0,1,2025-12-05
Pinchuk,Bjd,4.0,1,2025-10-15
Pinchuk,Bjd,4.0,1,2025-11-09
Pinchuk,Bjd,4.0,1,2025-11-15
Pinchuk,Bjd,5.0,1,2025-12-16
Pinchuk,Bjd,5.0,1,2025-09-28
Pinchuk,Bjd,4.0,2,2026-05-06
Pinchuk,Bjd,4.0,2,2026-05-23
Pinchuk,Bjd,4.0,2,2026-04-09
Pinchuk,Bjd,5.0,2,2026-03-23
Pinchuk,Bjd,4.0,2,2026-04-08
Pinchuk,Bjd,4.0,2,2026-03-24
Pinchuk,Bjd,5.0,2,2026-05-11
Pinchuk,Bjd,4.0,2,2026-03-23
Pinchuk,Bjd,3.0,2,2026-05-16
Pinchuk,Bjd,5.0,2,2026-04-22
Popov,Math,5.0,1,2025-09-27
Popov,Math,4.0,1,2025-11-09
Popov,Math,5.0,1,2025-12-26
Popov,Math,4.0,1,2026-01-18
Popov,Math,5.0,1,2025-09-05
Popov,Math,5.0,1,2025-09-11
Popov,Math,4.0,1,2025-10-22
Popov,Math,4.0,1,2025-11-25
Popov,Math,4.0,1,2026-01-18
Popov,Math,3.0,1,2025-09-21
Popov,Math,3.0,2,2026-04-24
Popov,Math,4.0,2,2026-05-25
Popov,Math,4.0,2,2026-04-30
Popov,Math,5.0,2,2026-04-06
Popov,Math,3.0,2,2026-04-13
Popov,Math,4.0,2,2026-05-07
Popov,Math,4.0,2,2026-03-11
Popov,Math,5.0,2,2026-03-27
Popov,Math,4.0,2,2026-05-04
Popov,Math,3.0,2,2026-03-09
Popov,Python,3.0,1,2026-01-16
Popov,Python,5.0,1,2025-10-26
Popov,Python,3.0,1,2025-12-26
Popov,Python,5.0,1,2025-11-15
Popov,Python,5.0,1,2026-01-09
Popov,Python,5.0,1,2026-01-01
Popov,Python,3.0,1,2025-11-11
Popov,Python,4.0,1,2025-12-28
Popov,Python,5.0,1,2025-10-25
Popov,Python,5.0,1,2025-10-11
Popov,Python,3.0,2,2026-04-07
Popov,Python,5.0,2,2026-04-18
Popov,Python,4.0,2,2026-05-13
Popov,Python,3.0,2,2026-04-15
Popov,Python,3.0,2,2026-02-19
Popov,Python,3.0,2,2026-04-24
Popov,Python,3.0,2,2026-04-08
Popov,Python,4.0,2,2026-02-27
Popov,Python,5.0,2,2026-04-20
Popov,Python,4.0,2,2026-03-12
Popov,Java,4.0,1,2025-12-09
Popov,Java,4.0,1,2026-01-13
Popov,Java,5.0,1,2025-10-12
Popov,Java,3.0,1,2025-09-15
Popov,Java,5.0,1,2025-10-16
Popov,Java,4.0,1,2026-01-18
Popov,Java,3.0,1,2025-10-23
Popov,Java,5.0,1,2025-10-01
Popov,Java,5.0,1,2025-10-11
Popov,Java,4.0,1,2025-09-20
Popov,Java,3.0,2,2026-04-01
Popov,Java,4.0,2,2026-04-28
Popov,Java,3.0,2,2026-03-24
Popov,Java,5.0,2,2026-03-24
Popov,Java,4.0,2,2026-03-06
Popov,Java,4.0,2,2026-02-16
Popov,Java,5.0,2,2026-03-07
Popov,Java,4.0,2,2026-05-14
Popov,Java,4.0,2,2026-04-28
Popov,Java,5.0,2,2026-02-17
Popov,Database,3.0,1,2025-09-21
Popov,Database,3.0,1,2025-11-17
Popov,Database,5.0,1,2025-11-09
Popov,Database,5.0,1,2025-12-04
Popov,Database,4.0,1,2026-01-06
Popov,Database,4.0,1,2025-10-02
Popov,Database,3.0,1,2025-10-23
Popov,Database,3.0,1,2025-11-28
Popov,Database,4.0,1,2025-12-15
Popov,Database,3.0,1,2025-12-01
Popov,Database,3.0,2,2026-04-14
Popov,Database,5.0,2,2026-03-01
Popov,Database,4.0,2,2026-03-05
Popov,Database,4.0,2,2026-03-25
Popov,Database,4.0,2,2026-03-02
Popov,Database,5.0,2,2026-02-27
Popov,Database,4.0,2,2026-05-20
Popov,Database,5.0,2,2026-04-17
Popov,Database,3.0,2,2026-05-06
Popov,Database,4.0,2,2026-05-06
Popov,Evm,5.0,1,2025-11-23
Popov,Evm,5.0,1,2025-12-27
Popov,Evm,3.0,1,2026-01-06
Popov,Evm,4.0,1,2025-11-11
Popov,Evm,5.0,1,2025-12-14
Popov,Evm,5.0,1,2025-11-18
Popov,Evm,4.0,1,2025-12-30
Popov,Evm,4.0,1,2025-12-16
Popov,Evm,3.0,1,2026-01-03
Popov,Evm,3.0,1,2025-12-06
Popov,Evm,5.0,2,2026-03-12
Popov,Evm,4.0,2,2026-03-25
Popov,Evm,3.0,2,2026-03-22
Popov,Evm,4.0,2,2026-03-10
Popov,Evm,5.0,2,2026-03-12
Popov,Evm,4.0,2,2026-04-08
Popov,Evm,3.0,2,2026-03-22
Popov,Evm,4.0,2,2026-05-02
Popov,Evm,4.0,2,2026-02-19
Popov,Evm,5.0,2,2026-03-25
Popov,English,2.0,1,2026-01-14
Popov,English,2.0,1,2025-10-02
Popov,English,2.0,1,2025-12-30
Popov,English,2.0,1,2025-12-07
Popov,English,2.0,1,2025-12-29
Popov,English,2.0,1,2025-12-30
Popov,English,2.0,1,2025-10-30
Popov,English,2.0,1,2026-01-09
Popov,English,2.0,1,2025-09-24
Popov,English,2.0,1,2026-01-12
Popov,English,2.0,2,2026-04-11
Popov,English,2.0,2,2026-04-09
Popov,English,2.0,2,2026-04-17
Popov,English,2.0,2,2026-03-27
Popov,English,2.0,2,2026-04-06
Popov,English,2.0,2,2026-04-20
Popov,English,2.0,2,2026-03-17
Popov,English,2.0,2,2026-05-08
Popov,English,2.0,2,2026-03-06
Popov,English,2.0,2,2026-04-20
Popov,Russian,3.0,1,2025-09-11
Popov,Russian,3.0,1,2025-10-16
Popov,Russian,5.0,1,2025-10-22
Popov,Russian,5.0,1,2025-12-12
Popov,Russian,3.0,1,2025-09-08
Popov,Russian,3.0,1,2026-01-04
Popov,Russian,4.0,1,2025-09-06
Popov,Russian,4.0,1,2025-10-31
Popov,Russian,4.0,1,2025-12-30
Popov,Russian,4.0,1,2025-12-13
Popov,Russian,5.0,2,2026-03-03
Popov,Russian,3.0,2,2026-02-15
Popov,Russian,4.0,2,2026-03-29
Popov,Russian,4.0,2,2026-05-25
Popov,Russian,3.0,2,2026-02-16
Popov,Russian,4.0,2,2026-05-12
Popov,Russian,3.0,2,2026-05-13
Popov,Russian,3.0,2,2026-03-24
Popov,Russian,4.0,2,2026-02-15
Popov,Russian,4.0,2,2026-05-14
Popov,Bjd,3.0,1,2026-01-08
Popov,Bjd,5.0,1,2026-01-08
Popov,Bjd,3.0,1,2025-11-21
Popov,Bjd,5.0,1,2025-12-11
Popov,Bjd,4.0,1,2025-09-04
Popov,Bjd,3.0,1,2025-12-05
Popov,Bjd,4.0,1,2025-12-13
Popov,Bjd,4.0,1,2025-10-20
Popov,Bjd,4.0,1,2025-12-29
Popov,Bjd,4.0,1,2025-10-08
Popov,Bjd,4.0,2,2026-03-25
Popov,Bjd,5.0,2,2026-02-24
Popov,Bjd,4.0,2,2026-02-26
Popov,Bjd,5.0,2,2026-03-14
Popov,Bjd,3.0,2,2026-04-05
Popov,Bjd,5.0,2,2026-04-28
Popov,Bjd,4.0,2,2026-04-07
Popov,Bjd,5.0,2,2026-04-13
Popov,Bjd,4.0,2,2026-04-30
Popov,Bjd,5.0,2,2026-04-07
Tolstov,Math,3.0,1,2026-01-11
Tolstov,Math,5.0,1,2025-11-04
Tolstov,Math,5.0,1,2026-01-11
Tolstov,Math,4.0,1,2025-12-29
Tolstov,Math,3.0,1,2025-10-27
Tolstov,Math,5.0,1,2025-12-04
Tolstov,Math,5.0,1,2025-09-24
Tolstov,Math,3.0,1,2025-12-15
Tolstov,Math,4.0,1,2026-01-15
Tolstov,Math,5.0,1,2026-01-19
Tolstov,Math,3.0,2,2026-04-28
Tolstov,Math,5.0,2,2026-02-24
Tolstov,Math,4.0,2,2026-05-16
Tolstov,Math,4.0,2,2026-02-21
Tolstov,Math,3.0,2,2026-03-28
Tolstov,Math,5.0,2,2026-05-18
Tolstov,Math,3.0,2,2026-03-23
Tolstov,Math,5.0,2,2026-02-24
Tolstov,Math,4.0,2,2026-05-18
Tolstov,Math,5.0,2,2026-05-17
Tolstov,Python,5.0,1,2025-09-30
Tolstov,Python,3.0,1,2025-11-25
Tolstov,Python,4.0,1,2025-10-26
Tolstov,Python,4.0,1,2025-12-13
Tolstov,Python,5.0,1,2025-12-20
Tolstov,Python,3.0,1,2026-01-20
Tolstov,Python,5.0,1,2025-10-22
Tolstov,Python,3.0,1,2025-10-20
Tolstov,Python,5.0,1,2025-11-13
Tolstov,Python,4.0,1,2025-09-23
Tolstov,Python,5.0,2,2026-05-23
Tolstov,Python,4.0,2,2026-04-20
Tolstov,Python,3.0,2,2026-02-26
Tolstov,Python,4.0,2,2026-04-03
Tolstov,Python,5.0,2,2026-04-08
Tolstov,Python,4.0,2,2026-04-08
Tolstov,Python,3.0,2,2026-05-25
Tolstov,Python,3.0,2,2026-04-22
Tolstov,Python,5.0,2,2026-04-26
Tolstov,Python,5.0,2,2026-05-17
Tolstov,Java,4.0,1,2025-11-23
Tolstov,Java,3.0,1,2026-01-09
Tolstov,Java,4.0,1,2025-11-03
Tolstov,Java,3.0,1,2025-09-23
Tolstov,Java,4.0,1,2025-12-02
Tolstov,Java,4.0,1,2025-11-13
Tolstov,Java,3.0,1,2025-12-19
Tolstov,Java,3.0,1,2026-01-23
Tolstov,Java,4.0,1,2025-12-13
Tolstov,Java,3.0,1,2025-10-24
Tolstov,Java,4.0,2,2026-05-08
Tolstov,Java,3.0,2,2026-03-25
Tolstov,Java,5.0,2,2026-03-31
Tolstov,Java,3.0,2,2026-04-26
Tolstov,Java,5.0,2,2026-05-04
Tolstov,Java,3.0,2,2026-02-22
Tolstov,Java,4.0,2,2026-03-23
Tolstov,Java,3.0,2,2026-02-15
Tolstov,Java,5.0,2,2026-03-24
Tolstov,Java,3.0,2,2026-05-06
Tolstov,Database,3.0,1,2026-01-13
Tolstov,Database,3.0,1,2025-11-14
Tolstov,Database,4.0,1,2025-09-16
Tolstov,Database,5.0,1,2025-12-21
Tolstov,Database,4.0,1,2025-10-01
Tolstov,Database,3.0,1,2025-11-20
Tolstov,Database,4.0,1,2025-11-03
Tolstov,Database,4.0,1,2025-12-24
Tolstov,Database,5.0,1,2025-10-09
Tolstov,Database,5.0,1,2026-01-23
Tolstov,Database,4.0,2,2026-03-01
Tolstov,Database,5.0,2,2026-05-25
Tolstov,Database,4.0,2,2026-03-06
Tolstov,Database,3.0,2,2026-05-19
Tolstov,Database,5.0,2,2026-05-07
Tolstov,Database,4.0,2,2026-05-11
Tolstov,Database,4.0,2,2026-03-05
Tolstov,Database,4.0,2,2026-03-06
Tolstov,Database,4.0,2,2026-03-20
Tolstov,Database,4.0,2,2026-03-22
Tolstov,Evm,3.0,1,2025-12-05
Tolstov,Evm,5.0,1,2025-11-27
Tolstov,Evm,5.0,1,2026-01-09
Tolstov,Evm,3.0,1,2025-12-22
Tolstov,Evm,4.0,1,2025-11-29
Tolstov,Evm,5.0,1,2026-01-12
Tolstov,Evm,5.0,1,2025-09-18
Tolstov,Evm,5.0,1,2025-10-16
Tolstov,Evm,4.0,1,2025-12-25
Tolstov,Evm,4.0,1,2026-01-03
Tolstov,Evm,5.0,2,2026-03-25
Tolstov,Evm,5.0,2,2026-03-18
Tolstov,Evm,4.0,2,2026-05-15
Tolstov,Evm,3.0,2,2026-04-02
Tolstov,Evm,5.0,2,2026-02-17
Tolstov,Evm,4.0,2,2026-04-13
Tolstov,Evm,4.0,2,2026-03-04
Tolstov,Evm,4.0,2,2026-03-29
Tolstov,Evm,4.0,2,2026-02-26
Tolstov,Evm,5.0,2,2026-03-17
Tolstov,English,2.0,1,2025-12-10
Tolstov,English,2.0,1,2025-10-24
Tolstov,English,2.0,1,2026-01-20
Tolstov,English,2.0,1,2026-01-19
Tolstov,English,2.0,1,2025-10-30
Tolstov,English,2.0,1,2025-12-04
Tolstov,English,2.0,1,2025-11-11
Tolstov,English,2.0,1,2025-09-24
Tolstov,English,2.0,1,2025-10-12
Tolstov,English,2.0,1,2026-01-17
Tolstov,English,2.0,2,2026-03-04
Tolstov,English,2.0,2,2026-03-03
Tolstov,English,2.0,2,2026-03-15
Tolstov,English,2.0,2,2026-04-04
Tolstov,English,2.0,2,2026-02-20
Tolstov,English,3.0,2,2026-03-28
Tolstov,English,4.0,2,2026-02-22
Tolstov,English,5.0,2,2026-05-23
Tolstov,English,4.0,2,2026-03-23
Tolstov,English,4.0,2,2026-02-22
Tolstov,Russian,5.0,1,2025-11-20
Tolstov,Russian,5.0,1,2025-09-18
Tolstov,Russian,3.0,1,2026-01-17
Tolstov,Russian,4.0,1,2025-09-06
Tolstov,Russian,4.0,1,2026-01-10
Tolstov,Russian,4.0,1,2025-09-29
Tolstov,Russian,3.0,1,2025-12-03
Tolstov,Russian,5.0,1,2025-09-06
Tolstov,Russian,4.0,1,2025-10-19
Tolstov,Russian,3.0,1,2025-12-22
Tolstov,Russian,4.0,2,2026-05-04
Tolstov,Russian,5.0,2,2026-04-22
Tolstov,Russian,5.0,2,2026-03-06
Tolstov,Russian,4.0,2,2026-03-14
Tolstov,Russian,5.0,2,2026-05-14
Tolstov,Russian,5.0,2,2026-03-25
Tolstov,Russian,5.0,2,2026-04-20
Tolstov,Russian,3.0,2,2026-04-14
Tolstov,Russian,3.0,2,2026-04-07
Tolstov,Russian,4.0,2,2026-03-15
Tolstov,Bjd,3.0,1,2026-01-04
Tolstov,Bjd,3.0,1,2025-12-10
Tolstov,Bjd,5.0,1,2025-11-18
Tolstov,Bjd,3.0,1,2025-11-27
Tolstov,Bjd,5.0,1,2025-09-02
Tolstov,Bjd,5.0,1,2025-09-09
Tolstov,Bjd,5.0,1,2026-01-14
Tolstov,Bjd,5.0,1,2026-01-20
Tolstov,Bjd,4.0,1,2025-10-31
Tolstov,Bjd,5.0,1,2025-12-14
Tolstov,Bjd,4.0,2,2026-05-22
Tolstov,Bjd,5.0,2,2026-03-17
Tolstov,Bjd,3.0,2,2026-04-07
Tolstov,Bjd,5.0,2,2026-05-23
Tolstov,Bjd,4.0,2,2026-04-12
Tolstov,Bjd,5.0,2,2026-05-22
Tolstov,Bjd,3.0,2,2026-05-02
Tolstov,Bjd,4.0,2,2026-03-19
Tolstov,Bjd,3.0,2,2026-03-02
Tolstov,Bjd,3.0,2,2026-02-21
Heruvimov,Math,3.0,1,2025-12-30
Heruvimov,Math,4.0,1,2025-12-21
Heruvimov,Math,4.0,1,2025-10-20
Heruvimov,Math,3.0,1,2025-10-24
Heruvimov,Math,5.0,1,2025-11-04
Heruvimov,Math,5.0,1,2026-01-05
Heruvimov,Math,3.0,1,2025-12-11
Heruvimov,Math,5.0,1,2025-09-12
Heruvimov,Math,3.0,1,2025-09-07
Heruvimov,Math,5.0,1,2026-01-16
Heruvimov,Math,3.0,2,2026-04-16
Heruvimov,Math,3.0,2,2026-04-05
Heruvimov,Math,5.0,2,2026-03-23
Heruvimov,Math,5.0,2,2026-05-19
Heruvimov,Math,5.0,2,2026-04-11
Heruvimov,Math,4.0,2,2026-04-22
Heruvimov,Math,4.0,2,2026-04-08
Heruvimov,Math,3.0,2,2026-02-15
Heruvimov,Math,4.0,2,2026-04-14
Heruvimov,Math,5.0,2,2026-03-06
Heruvimov,Python,5.0,1,2025-09-25
Heruvimov,Python,5.0,1,2025-10-20
Heruvimov,Python,3.0,1,2025-09-26
Heruvimov,Python,4.0,1,2025-11-13
Heruvimov,Python,3.0,1,2025-12-21
Heruvimov,Python,5.0,1,2025-11-23
Heruvimov,Python,3.0,1,2026-01-18
Heruvimov,Python,5.0,1,2025-09-01
Heruvimov,Python,3.0,1,2025-11-17
Heruvimov,Python,5.0,1,2026-01-04
Heruvimov,Python,3.0,2,2026-05-05
Heruvimov,Python,3.0,2,2026-05-17
Heruvimov,Python,3.0,2,2026-04-28
Heruvimov,Python,5.0,2,2026-05-09
Heruvimov,Python,4.0,2,2026-03-16
Heruvimov,Python,5.0,2,2026-02-27
Heruvimov,Python,4.0,2,2026-02-27
Heruvimov,Python,5.0,2,2026-02-20
Heruvimov,Python,5.0,2,2026-05-21
Heruvimov,Python,3.0,2,2026-05-12
Heruvimov,Java,3.0,1,2025-10-27
Heruvimov,Java,3.0,1,2026-01-24
Heruvimov,Java,4.0,1,2025-09-05
Heruvimov,Java,3.0,1,2026-01-13
Heruvimov,Java,3.0,1,2026-01-19
Heruvimov,Java,4.0,1,2025-10-20
Heruvimov,Java,5.0,1,2025-11-28
Heruvimov,Java,4.0,1,2025-12-20
Heruvimov,Java,3.0,1,2025-10-02
Heruvimov,Java,5.0,1,2025-10-28
Heruvimov,Java,5.0,2,2026-05-06
Heruvimov,Java,4.0,2,2026-05-17
Heruvimov,Java,4.0,2,2026-02-23
Heruvimov,Java,3.0,2,2026-02-16
Heruvimov,Java,5.0,2,2026-04-13
Heruvimov,Java,3.0,2,2026-04-03
Heruvimov,Java,4.0,2,2026-04-06
Heruvimov,Java,3.0,2,2026-02-23
Heruvimov,Java,4.0,2,2026-02-27
Heruvimov,Java,3.0,2,2026-05-09
Heruvimov,Database,4.0,1,2026-01-24
Heruvimov,Database,5.0,1,2025-09-11
Heruvimov,Database,5.0,1,2025-11-30
Heruvimov,Database,5.0,1,2025-10-05
Heruvimov,Database,5.0,1,2025-12-16
Heruvimov,Database,4.0,1,2025-10-18
Heruvimov,Database,3.0,1,2025-10-02
Heruvimov,Database,3.0,1,2026-01-12
Heruvimov,Database,3.0,1,2025-12-21
Heruvimov,Database,3.0,1,2025-10-29
Heruvimov,Database,3.0,2,2026-05-10
Heruvimov,Database,4.0,2,2026-03-02
Heruvimov,Database,4.0,2,2026-04-05
Heruvimov,Database,3.0,2,2026-04-16
Heruvimov,Database,5.0,2,2026-03-04
Heruvimov,Database,3.0,2,2026-03-29
Heruvimov,Database,5.0,2,2026-05-14
Heruvimov,Database,3.0,2,2026-02-18
Heruvimov,Database,5.0,2,2026-04-19
Heruvimov,Database,4.0,2,2026-04-08
Heruvimov,Evm,4.0,1,2025-12-16
Heruvimov,Evm,3.0,1,2026-01-12
Heruvimov,Evm,4.0,1,2025-09-26
Heruvimov,Evm,3.0,1,2026-01-02
Heruvimov,Evm,3.0,1,2025-12-08
Heruvimov,Evm,3.0,1,2025-10-19
Heruvimov,Evm,3.0,1,2025-09-20
Heruvimov,Evm,3.0,1,2025-10-19
Heruvimov,Evm,3.0,1,2025-09-10
Heruvimov,Evm,4.0,1,2025-11-24
Heruvimov,Evm,3.0,2,2026-04-18
Heruvimov,Evm,5.0,2,2026-04-14
Heruvimov,Evm,5.0,2,2026-05-19
Heruvimov,Evm,5.0,2,2026-03-14
Heruvimov,Evm,4.0,2,2026-03-19
Heruvimov,Evm,5.0,2,2026-03-09
Heruvimov,Evm,5.0,2,2026-04-01
Heruvimov,Evm,3.0,2,2026-03-07
Heruvimov,Evm,5.0,2,2026-04-23
Heruvimov,Evm,4.0,2,2026-04-24
Heruvimov,English,3.0,1,2025-12-31
Heruvimov,English,2.0,1,2025-10-06
Heruvimov,English,2.0,1,2026-01-06
Heruvimov,English,2.0,1,2025-11-12
Heruvimov,English,2.0,1,2025-12-20
Heruvimov,English,2.0,1,2026-01-13
Heruvimov,English,2.0,1,2025-09-24
Heruvimov,English,2.0,1,2025-09-28
Heruvimov,English,2.0,1,2025-11-20
Heruvimov,English,2.0,1,2026-01-22
Heruvimov,English,2.0,2,2026-03-23
Heruvimov,English,2.0,2,2026-03-05
Heruvimov,English,2.0,2,2026-05-20
Heruvimov,English,2.0,2,2026-04-27
Heruvimov,English,2.0,2,2026-03-06
Heruvimov,English,2.0,2,2026-05-17
Heruvimov,English,4.0,2,2026-04-25
Heruvimov,English,2.0,2,2026-03-01
Heruvimov,English,2.0,2,2026-02-25
Heruvimov,English,3.0,2,2026-04-24
Heruvimov,Russian,3.0,1,2026-01-21
Heruvimov,Russian,4.0,1,2026-01-13
Heruvimov,Russian,3.0,1,2025-11-28
Heruvimov,Russian,5.0,1,2025-11-24
Heruvimov,Russian,5.0,1,2025-09-10
Heruvimov,Russian,3.0,1,2026-01-07
Heruvimov,Russian,4.0,1,2025-12-02
Heruvimov,Russian,5.0,1,2025-10-13
Heruvimov,Russian,4.0,1,2025-09-11
Heruvimov,Russian,5.0,1,2025-11-29
Heruvimov,Russian,3.0,2,2026-03-12
Heruvimov,Russian,4.0,2,2026-05-16
Heruvimov,Russian,4.0,2,2026-02-25
Heruvimov,Russian,5.0,2,2026-03-31
Heruvimov,Russian,3.0,2,2026-04-25
Heruvimov,Russian,5.0,2,2026-02-21
Heruvimov,Russian,3.0,2,2026-02-26
Heruvimov,Russian,3.0,2,2026-05-10
Heruvimov,Russian,3.0,2,2026-04-20
Heruvimov,Russian,3.0,2,2026-05-15
Heruvimov,Bjd,5.0,1,2025-12-17
Heruvimov,Bjd,3.0,1,2025-12-25
Heruvimov,Bjd,4.0,1,2026-01-20
Heruvimov,Bjd,5.0,1,2025-09-17
Heruvimov,Bjd,4.0,1,2025-10-19
Heruvimov,Bjd,3.0,1,2025-10-02
Heruvimov,Bjd,3.0,1,2025-12-25
Heruvimov,Bjd,5.0,1,2025-10-18
Heruvimov,Bjd,3.0,1,2025-11-23
Heruvimov,Bjd,3.0,1,2025-12-04
Heruvimov,Bjd,4.0,2,2026-03-14
Heruvimov,Bjd,3.0,2,2026-04-25
Heruvimov,Bjd,4.0,2,2026-02-23
Heruvimov,Bjd,4.0,2,2026-04-01
Heruvimov,Bjd,3.0,2,2026-03-05
Heruvimov,Bjd,4.0,2,2026-03-13
Heruvimov,Bjd,5.0,2,2026-03-10
Heruvimov,Bjd,4.0,2,2026-02-20
Heruvimov,Bjd,5.0,2,2026-05-06
Heruvimov,Bjd,4.0,2,2026-04-17
Maslov,Database,4.0,1,2025-12-11
Artemenko,Bjd,5.0,1,2025-11-12
Artemenko,Bjd,5.0,1,2025-10-25
Artemenko,Bjd,5.0,1,2025-11-23
Artemenko,Bjd,4.0,1,2026-01-15
